lakeID,treatment,rep,incub_days,totalCH4_umol,totalCO2_umol
BA,algal,1,0,0.319543025978207,1.13422522073536
BA,algal,1,14.0833333333333,1.26507718781656,2.68352628476338
BA,algal,1,21.0625,1.47957324280336,2.84640882595653
BA,algal,1,4.0625,0.509539926153308,1.49517343101525
BA,algal,1,9.22916666666667,0.835314567366848,1.96320155024987
BA,algal,2,0,0.350815085079465,1.23396037920397
BA,algal,2,14.0833333333333,1.38035765473746,2.73291857090107
BA,algal,2,21.0625,1.70870512855637,3.19560771754696
BA,algal,2,4.0625,0.540560343850809,1.45815890328566
BA,algal,2,9.22916666666667,0.90657791665445,1.97989389147383
BA,algal,3,0,0.228063688368774,1.10653364198136
BA,algal,3,14.0833333333333,1.07828848873403,2.6780243422549
BA,algal,3,21.0625,1.41353604995406,3.05087557198101
BA,algal,3,4.0625,0.3717812218331,1.30679271406402
BA,algal,3,9.22916666666667,0.681138874994879,1.83646707410577
BA,algalBES,1,0,0.120142221230548,1.17200455145792
BA,algalBES,1,14.0833333333333,0.173443637022199,2.12880670177632
BA,algalBES,1,21.0625,0.152992374200787,2.33244467765496
BA,algalBES,1,4.0625,0.154747201866006,1.48395740576402
BA,algalBES,1,9.22916666666667,0.157933128702463,1.79869299416688
BA,algalBES,2,0,0.17557988870573,0.83647198465614
BA,algalBES,2,14.0833333333333,0.327213726311472,1.94419440519234
BA,algalBES,2,21.0625,0.281807770575338,2.01806064399968
BA,algalBES,2,4.0625,0.301986781690964,1.37779336678504
BA,algalBES,2,9.22916666666667,0.353351695507125,1.76396283441924
BA,algalBES,3,0,0.11000718428152,0.786414623871227
BA,algalBES,3,14.0833333333333,0.196899585336948,1.94913230957516
BA,algalBES,3,21.0625,0.179705215222073,2.17861884827392
BA,algalBES,3,4.0625,0.178311651713541,1.33033624257993
BA,algalBES,3,9.22916666666667,0.21583993725061,1.88777948099069
BA,BES,1,0,0.220539630395338,0.929591382721182
BA,BES,1,14.0833333333333,0.435953409726784,1.60159570613178
BA,BES,1,21.0625,0.284862748501836,1.18866961527373
BA,BES,1,4.0625,0.296553307292814,1.07013797879546
BA,BES,1,9.22916666666667,0.298095225793172,1.03279505592423
BA,BES,2,0,0.216895218533796,0.95785322276369
BA,BES,2,14.0833333333333,0.31625433843768,1.23499854360317
BA,BES,2,21.0625,0.284167848849459,1.28410326744588
BA,BES,2,4.0625,0.307597006131009,1.15635818633903
BA,BES,2,9.22916666666667,0.331740246381749,1.16294658807498
BA,BES,3,0,0.208394882932646,0.909309528996109
BA,BES,3,14.0833333333333,0.338778218266883,1.13219843440055
BA,BES,3,21.0625,0.300496319573654,1.22913363213609
BA,BES,3,4.0625,0.359914095925201,1.26884160734631
BA,BES,3,9.22916666666667,0.345949686343474,1.11378249294461
BA,control,1,0,0.1935129511088,1.05747653009095
BA,control,1,14.0833333333333,0.730611138083966,1.99252007710938
BA,control,1,21.0625,0.578932480523072,1.60696992177967
BA,control,1,4.0625,0.33488129731658,1.24997476693154
BA,control,1,9.22916666666667,0.477908303938988,1.46105058729441
BA,control,2,0,0.228728123972452,0.850233426879627
BA,control,2,14.0833333333333,0.533637871718051,1.52588444715221
BA,control,2,21.0625,0.50987638854896,1.45242758553725
BA,control,2,4.0625,0.331718626921263,1.09405895739814
BA,control,2,9.22916666666667,0.425426323683782,1.59376167079849
BA,control,3,0,0.189448527298372,0.855308015990528
BA,control,3,14.0833333333333,0.469114544713825,1.49217763426564
BA,control,3,21.0625,0.406448791693616,1.41304916109212
BA,control,3,4.0625,0.250546236996068,1.01183755412946
BA,control,3,9.22916666666667,0.356063034871301,1.27044708340931
BH,algal,1,0,0.68958946111618,1.00143893520172
BH,algal,1,10.9583333333333,2.18185126599662,1.63068681503181
BH,algal,1,19.7916666666667,4.04076908452026,2.1751603784975
BH,algal,1,24.7916666666667,4.45318537115963,2.23038349542594
BH,algal,1,4.95833333333333,1.53463438277052,1.58673233686251
BH,algal,2,0,0.554233217544291,0.895559999791155
BH,algal,2,10.9583333333333,2.0488182073533,1.75634158733877
BH,algal,2,19.7916666666667,4.1353021226314,2.41602503320101
BH,algal,2,24.7916666666667,4.35244194168289,2.56745889848015
BH,algal,2,4.95833333333333,1.3763154221156,1.56152604073101
BH,algal,3,0,0.650427129803084,1.19313539589635
BH,algal,3,10.9583333333333,2.04395869303297,1.94390946129344
BH,algal,3,19.7916666666667,3.85431695283322,2.43629491541786
BH,algal,3,24.7916666666667,4.34082777434233,2.62801034210642
BH,algal,3,4.95833333333333,1.25798490019085,1.65722883332128
BH,algalBES,1,0,0.508614821738151,1.2728469246195
BH,algalBES,1,10.9583333333333,0.802816393952947,1.44284108270471
BH,algalBES,1,19.7916666666667,0.783305778246508,2.07161537784196
BH,algalBES,1,24.7916666666667,0.66671500602003,1.49752984641661
BH,algalBES,1,4.95833333333333,0.711370414654056,1.37510776670465
BH,algalBES,2,0,0.511143582367659,1.40016487292851
BH,algalBES,2,10.9583333333333,0.617325551326285,1.4473743687393
BH,algalBES,2,19.7916666666667,0.733397476108945,1.55918881037724
BH,algalBES,2,24.7916666666667,0.686994049029599,1.58888986730834
BH,algalBES,2,4.95833333333333,0.68741002353469,1.64466991358065
BH,algalBES,3,0,0.495360229145837,1.28461248204125
BH,algalBES,3,10.9583333333333,0.732088684365994,1.42682401678166
BH,algalBES,3,19.7916666666667,0.840638078806715,1.38369846304832
BH,algalBES,3,24.7916666666667,0.766166090097599,1.37045605945265
BH,algalBES,3,4.95833333333333,0.74786722688715,1.5410132094934
BH,BES,1,0,0.65138518067972,1.30368729842855
BH,BES,1,10.9583333333333,0.97651482329762,1.41086826390186
BH,BES,1,19.7916666666667,1.21395150377476,1.59607457146496
BH,BES,1,24.7916666666667,1.12675010303517,1.61527188635395
BH,BES,1,4.95833333333333,1.02720351758478,1.64585588383159
BH,BES,2,0,0.594132344740682,1.36806480265756
BH,BES,2,10.9583333333333,0.748230352097251,1.21888042703924
BH,BES,2,19.7916666666667,0.882497555481448,1.27372555270911
BH,BES,2,24.7916666666667,0.817803032141604,1.27869366160419
BH,BES,2,4.95833333333333,0.775159972963498,1.37954741671321
BH,BES,3,0,0.571774850120354,1.08586172537659
BH,BES,3,10.9583333333333,0.722069332001105,1.17305257323924
BH,BES,3,19.7916666666667,0.891461937529701,1.03101420581396
BH,BES,3,24.7916666666667,0.799119295484974,0.975044258072802
BH,BES,3,4.95833333333333,0.798526906625261,1.39837685864535
BH,control,1,0,0.554192158202928,1.00839447111634
BH,control,1,10.9583333333333,0.88596686017507,1.41291698518152
BH,control,1,19.7916666666667,1.23169645864744,1.94396280868569
BH,control,1,24.7916666666667,1.10274676078042,1.84798337796942
BH,control,1,4.95833333333333,1.04261567754721,1.77121513732858
BH,control,2,0,0.681676522799322,0.919747165066438
BH,control,2,10.9583333333333,1.09818479019891,1.20217461389149
BH,control,2,19.7916666666667,1.38657129835569,1.59374046788523
BH,control,2,24.7916666666667,1.25389577357824,1.41811004582182
BH,control,2,4.95833333333333,1.195001031738,1.38624796915613
BH,control,3,0,0.542037430799718,0.863625202132236
BH,control,3,10.9583333333333,0.914907531410167,1.30903962506726
BH,control,3,19.7916666666667,1.13033421940957,1.47271236489699
BH,control,3,24.7916666666667,1.01911774533153,1.59033273215217
BH,control,3,4.95833333333333,1.04722588847121,1.69885121945798
BO,algal,1,0,0.387111939283846,1.71503699167349
BO,algal,1,11.0972222222222,0.934113188128742,2.82921508801469
BO,algal,1,15.0138888888889,1.08673907004618,3.26258617808248
BO,algal,1,16.6805555555556,0.978566692486933,2.86677037605795
BO,algal,1,20.9305555555556,1.51665594050883,4.00541926937255
BO,algal,1,27.8888888888889,1.49944941682621,3.54465586033725
BO,algal,1,7.09722222222222,0.813833391052092,1.94415508548777
BO,algal,2,0,0.484538902159143,1.80884656694202
BO,algal,2,11.0972222222222,1.46838739094071,3.08827549472303
BO,algal,2,15.0138888888889,2.63250281485594,3.95310456278027
BO,algal,2,16.6805555555556,1.89252791967063,3.38242501284439
BO,algal,2,20.9305555555556,2.74467330067097,4.77858690684803
BO,algal,2,27.8888888888889,3.27383824759766,4.52475100606597
BO,algal,2,7.09722222222222,1.21123731584834,2.11784876793659
BO,algal,3,0,0.407015967327113,2.00351676473155
BO,algal,3,11.0972222222222,0.900425278565187,3.325707883544
BO,algal,3,15.0138888888889,1.0792301526768,3.78654539860592
BO,algal,3,16.6805555555556,0.95924077860832,3.23836803384156
BO,algal,3,20.9305555555556,1.35521030918769,4.45262917953554
BO,algal,3,27.8888888888889,1.29112718373478,3.92357831502846
BO,algal,3,7.09722222222222,0.765352001364197,2.18175415671086
BO,algalBES,1,0,0.0989431050103457,1.97790613715479
BO,algalBES,1,11.0972222222222,0.169675829239773,2.96074282304999
BO,algalBES,1,15.0138888888889,0.119350164658846,2.91509070583112
BO,algalBES,1,16.6805555555556,0.132725125038577,2.66137939333544
BO,algalBES,1,20.9305555555556,0.162283730326113,3.17913095016742
BO,algalBES,1,27.8888888888889,0.138822808280432,2.86363794061176
BO,algalBES,1,7.09722222222222,0.163725620514084,2.04206453643575
BO,algalBES,2,0,0.0577387436668435,1.69555245450281
BO,algalBES,2,11.0972222222222,0.106831718191143,2.86367476292459
BO,algalBES,2,15.0138888888889,0.0986017846451231,2.88891405946515
BO,algalBES,2,16.6805555555556,0.0851318061744336,2.53831488180292
BO,algalBES,2,20.9305555555556,0.0976937219257278,2.99115186555535
BO,algalBES,2,27.8888888888889,0.0863889015238808,2.8049724565572
BO,algalBES,2,7.09722222222222,0.102984470293975,1.98741803812399
BO,algalBES,3,0,0.0760480612997567,1.95415067967665
BO,algalBES,3,11.0972222222222,0.115891428043991,2.83770275062619
BO,algalBES,3,15.0138888888889,0.146223700480459,2.8777496343264
BO,algalBES,3,16.6805555555556,0.109088780614564,2.83425786259747
BO,algalBES,3,20.9305555555556,0.11313857094607,3.09352443675528
BO,algalBES,3,27.8888888888889,0.101139452272142,2.90947087378327
BO,algalBES,3,7.09722222222222,0.118163440434969,2.05392699470092
BO,BES,1,0,0.0987715009092271,1.86248444725396
BO,BES,1,11.0972222222222,0.180013382640215,2.73799733322446
BO,BES,1,15.0138888888889,0.17560980672579,2.56016928559896
BO,BES,1,16.6805555555556,0.160370548951763,2.44754780853425
BO,BES,1,20.9305555555556,0.195537792620864,2.99031887175725
BO,BES,1,27.8888888888889,0.158626497373811,2.41531651601262
BO,BES,1,7.09722222222222,0.176332088063877,1.99625941848369
BO,BES,2,0,0.108318894547848,1.80564512924602
BO,BES,2,11.0972222222222,0.193972111435917,2.76165471469868
BO,BES,2,15.0138888888889,0.178889797445641,2.72588880060834
BO,BES,2,16.6805555555556,0.149032163711583,2.36980943342872
BO,BES,2,20.9305555555556,0.170848798131747,2.75097916098623
BO,BES,2,27.8888888888889,0.133947160928389,2.40719457485724
BO,BES,2,7.09722222222222,0.18105383752575,1.89086565239889
BO,BES,3,0,0.154458847810052,2.26351731656794
BO,BES,3,11.0972222222222,0.229835966878947,2.79681372650254
BO,BES,3,15.0138888888889,0.213406996355589,2.87048585625666
BO,BES,3,16.6805555555556,0.169192017846834,2.32902988667847
BO,BES,3,20.9305555555556,0.192139360111655,2.80004991800148
BO,BES,3,27.8888888888889,0.149084327769852,2.39812292578042
BO,BES,3,7.09722222222222,0.238305547882657,2.07886539099638
BO,control,1,0,0.708338057757323,1.96649658071956
BO,control,1,11.0972222222222,0.484996279851566,3.02680085437168
BO,control,1,15.0138888888889,0.122014957577919,3.40381815682173
BO,control,1,16.6805555555556,0.0476374935365009,3.16627743582428
BO,control,1,20.9305555555556,0.0236518726643113,3.99994910852168
BO,control,1,27.8888888888889,0.0069195930623474,3.55713168510214
BO,control,1,7.09722222222222,1.00682618790161,2.15528166174378
BO,control,2,0,0.745911206540353,1.86303626828495
BO,control,2,11.0972222222222,1.38123646010466,2.92025283267478
BO,control,2,15.0138888888889,1.25963833063531,3.01902059071252
BO,control,2,16.6805555555556,1.23716345831388,3.27216836628589
BO,control,2,20.9305555555556,1.33900484733197,3.60791210608576
BO,control,2,27.8888888888889,1.06906174417518,2.98366348112027
BO,control,2,7.09722222222222,1.46934409757486,2.22127465258999
BO,control,3,0,0.673087348041281,1.67704017224785
BO,control,3,11.0972222222222,1.07025330695062,2.35379025076015
BO,control,3,15.0138888888889,1.23429306509126,2.78701580326465
BO,control,3,16.6805555555556,1.11300783329709,2.4318993526468
BO,control,3,20.9305555555556,1.43666243537013,3.25485303820551
BO,control,3,27.8888888888889,1.22462962434699,2.91104630891987
BO,control,3,7.09722222222222,1.3865543922021,2.06390683347214
BR,algal,1,0,1.28763525493185,1.3743728959961
BR,algal,1,10.0590277777778,1.82261821156462,2.18357375734526
BR,algal,1,15.8958333333333,5.01521351364676,2.39605805463704
BR,algal,1,20.8958333333333,5.18501231175046,2.59514665729174
BR,algal,1,26.2291666666667,5.64198023991605,2.48566678957883
BR,algal,1,4.6875,2.1928952693765,1.5887356955674
BR,algal,2,0,1.3265919285353,1.49412297592212
BR,algal,2,10.0590277777778,1.47385620272954,1.94689120991112
BR,algal,2,15.8958333333333,5.18609937666316,2.48392616676963
BR,algal,2,20.8958333333333,6.10983048602642,3.0351532577617
BR,algal,2,26.2291666666667,6.416825933923,2.80822714741029
BR,algal,2,4.6875,2.62846089020123,1.91069549208516
BR,algal,3,0,1.12395254864501,1.44580045369585
BR,algal,3,10.0590277777778,1.62651115917967,1.97017567521774
BR,algal,3,15.8958333333333,4.5035781463578,2.54635865446947
BR,algal,3,20.8958333333333,4.89474739741165,2.86972727514878
BR,algal,3,26.2291666666667,5.59198204108054,2.84335891221681
BR,algal,3,4.6875,2.11236447614952,1.74227860030161
BR,algalBES,1,0,0.7613310306128,1.66531656928213
BR,algalBES,1,10.0590277777778,0.447381619392635,1.61958433517445
BR,algalBES,1,15.8958333333333,1.38436796051411,2.62693582414248
BR,algalBES,1,20.8958333333333,1.54556406044713,3.00883237191392
BR,algalBES,1,26.2291666666667,1.20647955225101,2.63485147716348
BR,algalBES,1,4.6875,1.06223687364804,2.02117371146708
BR,algalBES,2,0,0.849947493371222,1.81682812548542
BR,algalBES,2,10.0590277777778,0.762214124436239,1.5597560746679
BR,algalBES,2,15.8958333333333,1.34777704986875,2.32799054820488
BR,algalBES,2,20.8958333333333,1.58633579087039,2.8049555774091
BR,algalBES,2,26.2291666666667,1.2078125382367,2.37334510404251
BR,algalBES,2,4.6875,1.04650115352041,1.87113619961847
BR,algalBES,3,0,0.742712920198964,1.87068689175819
BR,algalBES,3,10.0590277777778,0.814422397040061,1.83831667257393
BR,algalBES,3,15.8958333333333,1.2976963645769,2.47195116027839
BR,algalBES,3,20.8958333333333,1.40011847777949,2.76642449382714
BR,algalBES,3,26.2291666666667,1.07912956225042,2.37969193174146
BR,algalBES,3,4.6875,1.16811366497111,2.30505366539385
BR,BES,1,0,0.82153667287013,1.66267560819735
BR,BES,1,10.0590277777778,0.809315592261669,1.41644640113555
BR,BES,1,15.8958333333333,1.31525397672209,1.85961469755117
BR,BES,1,20.8958333333333,1.51619087277071,2.18980076869906
BR,BES,1,26.2291666666667,1.20578373121142,1.91050161481851
BR,BES,1,4.6875,1.19962872845768,1.9665118968416
BR,BES,2,0,0.962141046243806,1.63041025870193
BR,BES,2,10.0590277777778,0.86439270506936,1.5196355844833
BR,BES,2,15.8958333333333,1.49885703403278,2.00218781001962
BR,BES,2,20.8958333333333,1.63518414215163,2.208232664904
BR,BES,2,26.2291666666667,1.50940459206406,2.24057109201686
BR,BES,2,4.6875,1.43280696758859,2.06003844990593
BR,BES,3,0,1.0391435633889,1.8602676900996
BR,BES,3,10.0590277777778,0.738315394556903,1.30283827308777
BR,BES,3,15.8958333333333,1.53713257528802,2.09886824032157
BR,BES,3,20.8958333333333,1.78367466639895,2.44335101322823
BR,BES,3,26.2291666666667,1.38675130889749,2.17913563164647
BR,BES,3,4.6875,1.76843779058548,2.26984040729004
BR,control,1,0,1.29556215434484,1.67594081676806
BR,control,1,10.0590277777778,1.44258816751786,1.62819776104114
BR,control,1,15.8958333333333,1.98043657896428,2.03893624382318
BR,control,1,20.8958333333333,2.21625604014314,2.39509883017729
BR,control,1,26.2291666666667,1.75869511791553,2.11074684704493
BR,control,1,4.6875,1.6390164316745,1.87447888740112
BR,control,2,0,1.25868518669723,1.43683723812228
BR,control,2,10.0590277777778,1.38478075306879,1.43894839719785
BR,control,2,15.8958333333333,1.94664499601233,1.7308348188026
BR,control,2,20.8958333333333,2.08590830832711,1.91326708860987
BR,control,2,26.2291666666667,1.95805728736668,2.00898296125256
BR,control,2,4.6875,1.60245070305071,1.560189967571
BR,control,3,0,1.269976554613,1.3294773452969
BR,control,3,10.0590277777778,1.27197142032768,1.29297828005028
BR,control,3,15.8958333333333,1.92475512996162,1.57440707932735
BR,control,3,20.8958333333333,2.16059167755292,1.8031587845644
BR,control,3,26.2291666666667,1.91698599171534,1.79046827074347
BR,control,3,4.6875,1.83028856193079,1.63243171439275
BY,algal,1,0,0.40917164188231,1.71172993232393
BY,algal,1,11.9583333333333,0.753503441948688,3.20609971692856
BY,algal,1,17.2916666666667,0.742665685209788,3.34145317191445
BY,algal,1,22.0416666666667,0.92707223242606,4.15358861050236
BY,algal,1,6.95833333333333,0.517078144735204,2.18939374783316
BY,algal,2,0,0.408258863734092,1.6830331342334
BY,algal,2,11.9583333333333,0.704520118551317,3.1605854340749
BY,algal,2,17.2916666666667,0.693624673290894,3.25133433586392
BY,algal,2,22.0416666666667,0.912636370057775,4.14619211743296
BY,algal,2,6.95833333333333,0.521185085287991,2.28519460590494
BY,algal,3,0,0.624116248184824,1.65386012110684
BY,algal,3,11.9583333333333,1.13354878359301,2.98316539176937
BY,algal,3,17.2916666666667,1.29935567564454,3.57642499227973
BY,algal,3,22.0416666666667,1.53138540488272,4.2017695269122
BY,algal,3,6.95833333333333,0.867414132572332,2.36049199449533
BY,algalBES,1,0,0.186994003403833,2.31861220837133
BY,algalBES,1,11.9583333333333,0.217921608922204,2.21485702457031
BY,algalBES,1,17.2916666666667,0.213502521698229,2.28908936075224
BY,algalBES,1,22.0416666666667,0.238603497796588,2.96355200062157
BY,algalBES,1,6.95833333333333,0.216337807960291,2.53410085915783
BY,algalBES,2,0,0.145594482717837,1.47159229550461
BY,algalBES,2,11.9583333333333,0.227248167781943,2.03893730155707
BY,algalBES,2,17.2916666666667,0.194176131384476,2.0037391371803
BY,algalBES,2,22.0416666666667,0.248857032932832,3.08024281855122
BY,algalBES,2,6.95833333333333,0.187630961210468,1.72112195012089
BY,algalBES,3,0,0.0539539604726979,1.2798247329367
BY,algalBES,3,11.9583333333333,0.0953792146909085,1.69595145170718
BY,algalBES,3,17.2916666666667,0.0807429765051179,1.5329009752633
BY,algalBES,3,22.0416666666667,0.0991802200653795,2.29313143871165
BY,algalBES,3,6.95833333333333,0.0770147740079523,1.50362107306807
BY,BES,1,0,2.15325194717932,5.43127963436645
BY,BES,1,11.9583333333333,1.879370628403,6.0245228978844
BY,BES,1,17.2916666666667,1.87249438115178,6.85936224183216
BY,BES,1,22.0416666666667,2.04645097069371,8.32627682635278
BY,BES,1,6.95833333333333,1.93969784139395,6.08876771433015
BY,BES,2,0,1.45240534096212,4.8340582613836
BY,BES,2,11.9583333333333,1.31609044796395,5.76493499208275
BY,BES,2,17.2916666666667,1.32143982196264,6.62689530147173
BY,BES,2,22.0416666666667,1.43666988521132,7.88366650794279
BY,BES,2,6.95833333333333,1.42280103655575,6.04466176631794
BY,BES,3,0,0.325751466135664,1.60734209856854
BY,BES,3,11.9583333333333,0.504575726961703,2.28323303797438
BY,BES,3,17.2916666666667,0.430232901515803,2.18013836362173
BY,BES,3,22.0416666666667,0.462713940839155,2.57857101677459
BY,BES,3,6.95833333333333,0.402380999088769,1.86532876285242
BY,control,1,0,1.42077134422456,2.72885094275236
BY,control,1,11.9583333333333,1.11522478537679,4.40763968736059
BY,control,1,17.2916666666667,0.732638137500703,4.56391371770972
BY,control,1,22.0416666666667,0.540328035341162,5.52324885522172
BY,control,1,6.95833333333333,1.23864264025616,3.70828254370192
BY,control,2,0,1.08216399865842,2.0462138919683
BY,control,2,11.9583333333333,1.61193592567492,4.49222230932821
BY,control,2,17.2916666666667,1.18091564145925,4.67956255909213
BY,control,2,22.0416666666667,0.851409619274651,5.78044912515881
BY,control,2,6.95833333333333,1.46594418987924,3.54574696273279
BY,control,3,0,1.03922112615902,1.79943199429253
BY,control,3,11.9583333333333,1.7575110589366,2.62298798167255
BY,control,3,17.2916666666667,1.61803961675469,2.60450203869068
BY,control,3,22.0416666666667,1.75461022327271,2.97329565059868
BY,control,3,6.95833333333333,1.52756932743462,2.6066425936449
CB,algal,1,0,0.47082536449147,1.60710636529766
CB,algal,1,10.0208333333333,0.664405075769499,2.12013209109008
CB,algal,1,16.1041666666667,1.01686101299315,3.01948786305451
CB,algal,1,19.1875,1.03737150524338,3.0576324459101
CB,algal,1,25.0625,1.00681517435189,2.9097586918229
CB,algal,1,4.04166666666667,0.555399068987661,1.71648077171651
CB,algal,2,0,0.475949008242976,1.66473608670403
CB,algal,2,10.0208333333333,0.704753205704932,2.11719003847877
CB,algal,2,16.1041666666667,0.998439709048089,2.68757721667604
CB,algal,2,19.1875,1.07312910540749,2.80242306056079
CB,algal,2,25.0625,1.19196796484163,2.97671447841819
CB,algal,2,4.04166666666667,0.588615554796751,1.81814677636414
CB,algal,3,0,0.4958359265241,1.64520548770167
CB,algal,3,10.0208333333333,0.702381520174351,2.14441376491324
CB,algal,3,16.1041666666667,1.14457457905766,3.04644253274532
CB,algal,3,19.1875,1.13553676293886,2.92056246177995
CB,algal,3,25.0625,1.10203685892212,2.82063385479874
CB,algal,3,4.04166666666667,0.628195162410325,1.92303853419272
CB,algalBES,1,0,0.144147417097175,0.868386020805724
CB,algalBES,1,10.0208333333333,0.251156041847032,1.7831988898658
CB,algalBES,1,16.1041666666667,0.245951448606349,2.05532386473186
CB,algalBES,1,19.1875,0.267879847337218,2.39514560084912
CB,algalBES,1,25.0625,0.2275516816659,2.14747685164365
CB,algalBES,1,4.04166666666667,0.248296130311392,1.53953503590051
CB,algalBES,2,0,0.22034758701662,1.03275244591086
CB,algalBES,2,10.0208333333333,0.350387803961652,1.97505716065287
CB,algalBES,2,16.1041666666667,0.369879677055259,2.31465384791478
CB,algalBES,2,19.1875,0.412091367669233,2.7009062016293
CB,algalBES,2,25.0625,0.343695219862581,2.40557849382375
CB,algalBES,2,4.04166666666667,0.371328209475857,1.72685081015218
CB,algalBES,3,0,0.125774901050364,1.04846633556986
CB,algalBES,3,10.0208333333333,0.15747957309239,1.6622848364775
CB,algalBES,3,16.1041666666667,0.220014264520823,2.65650185830252
CB,algalBES,3,19.1875,0.18932003594547,2.42463386249971
CB,algalBES,3,25.0625,0.172203513247695,2.31788300493397
CB,algalBES,3,4.04166666666667,0.179696276619148,1.49659662511385
CB,BES,1,0,0.333637260014114,1.36719935196692
CB,BES,1,10.0208333333333,0.430865992320916,1.49097279321427
CB,BES,1,16.1041666666667,0.464657930268472,1.5395669372336
CB,BES,1,19.1875,0.465310353609118,1.5621325880991
CB,BES,1,25.0625,0.477484657557507,1.66577167902614
CB,BES,1,4.04166666666667,0.44737963391717,1.60177484405951
CB,BES,2,0,0.118292018787126,0.890269634597568
CB,BES,2,10.0208333333333,0.21156693440666,1.40404120285148
CB,BES,2,16.1041666666667,0.206180401242842,1.37445249986225
CB,BES,2,19.1875,0.198084530959068,1.32821060975529
CB,BES,2,25.0625,0.167134845824475,1.1593649236705
CB,BES,2,4.04166666666667,0.294760730636792,1.42834985343107
CB,BES,3,0,0.17784921764448,0.899309309361755
CB,BES,3,10.0208333333333,0.36484301787006,1.62781584397732
CB,BES,3,16.1041666666667,0.338244093179267,1.43128812449042
CB,BES,3,19.1875,0.322491896148646,1.35856287374988
CB,BES,3,25.0625,0.279853632113173,1.2440213750925
CB,BES,3,4.04166666666667,0.297287761485877,1.36893819436391
CB,control,1,0,0.680864828353092,1.20092122160274
CB,control,1,10.0208333333333,1.05845481719904,1.76610361981841
CB,control,1,16.1041666666667,1.38631982760513,2.3593744468361
CB,control,1,19.1875,1.19178057338982,1.98884130991071
CB,control,1,25.0625,1.562020045566,2.20240968125155
CB,control,1,4.04166666666667,1.06592146962739,1.67426865117799
CB,control,2,0,0.730674265043983,1.38635373605963
CB,control,2,10.0208333333333,1.08443602240997,1.85013008133726
CB,control,2,16.1041666666667,1.22280371816363,2.00757001661827
CB,control,2,19.1875,1.29410019207915,2.12923954077884
CB,control,2,25.0625,0.976427750723825,1.67527890835866
CB,control,2,4.04166666666667,1.00511370486172,1.72697825980164
CB,control,3,0,0.896605571556927,1.86181497281457
CB,control,3,10.0208333333333,0.635663522345125,2.06613068675842
CB,control,3,16.1041666666667,0.633635658951494,2.23926984640599
CB,control,3,19.1875,0.601314764054717,2.24865707903685
CB,control,3,25.0625,0.483185184047996,2.00062427573084
CB,control,3,4.04166666666667,0.900667090976754,1.78382425598456
CR,algal,1,0,0.940210872534919,1.97808556123799
CR,algal,1,14.8333333333333,1.14586626467486,2.36651994149539
CR,algal,1,20.125,1.45482296543217,2.78513388813866
CR,algal,1,24.75,1.71345352150327,3.14644617743551
CR,algal,1,29.8333333333333,0.133992959242329,1.63868438167091
CR,algal,2,0,1.10562759720416,2.2842523943753
CR,algal,2,14.8333333333333,1.25782883290044,2.56133843413733
CR,algal,2,20.125,1.26470453671743,2.43359321238689
CR,algal,2,24.75,1.78751465010171,3.26643072602838
CR,algal,2,29.8333333333333,0.141302752635578,1.71528325564478
CR,algal,3,0,1.1673773887083,2.10405491034792
CR,algal,3,14.8333333333333,1.79067585589496,2.85019000103808
CR,algal,3,20.125,2.3254208755337,3.27762186476148
CR,algal,3,24.75,3.07766988252655,4.01877047766222
CR,algal,3,29.8333333333333,1.99051134331183,2.08458607984816
CR,algalBES,1,0,0.429790325673261,1.54246470295661
CR,algalBES,1,14.8333333333333,1.24321652799338,4.23948645229407
CR,algalBES,1,20.125,0.871763810227016,3.76220418668288
CR,algalBES,1,24.75,0.943673227665763,5.17281783999683
CR,algalBES,1,29.8333333333333,0.0704919098372227,2.67343791058714
CR,algalBES,2,0,1.12327432526453,3.07704785324614
CR,algalBES,2,14.8333333333333,1.37755864608492,5.24330715509675
CR,algalBES,2,20.125,0.913414069406836,4.22887629536188
CR,algalBES,2,24.75,0.952207318644709,5.4843454186471
CR,algalBES,2,29.8333333333333,0.07149009783907,2.82883439556086
CR,algalBES,3,0,1.23606788887911,2.96501339510258
CR,algalBES,3,14.8333333333333,0.600328570241504,2.45718128513936
CR,algalBES,3,20.125,0.38103308707995,1.82879608491091
CR,algalBES,3,24.75,0.476179317461391,2.54475396055839
CR,algalBES,3,29.8333333333333,0.0358555533820555,1.17939679845028
CR,BES,1,0,0.589421434602213,1.25503707259983
CR,BES,1,14.8333333333333,0.729237780921311,1.6567079897226
CR,BES,1,20.125,0.568786749495481,1.32217310647844
CR,BES,1,24.75,0.866716779767066,2.00453983533981
CR,BES,1,29.8333333333333,0.0653743978415753,0.933931799965166
CR,BES,2,0,0.53290620779946,1.23564139216679
CR,BES,2,14.8333333333333,0.678199631068667,1.68245281980917
CR,BES,2,20.125,0.59267444667286,1.60599718406043
CR,BES,2,24.75,0.748546922505291,1.99672879472967
CR,BES,2,29.8333333333333,0.0555970908748135,0.865876332155841
CR,BES,3,0,0.686242378332299,1.40674455713818
CR,BES,3,14.8333333333333,0.945312505533893,2.09884843719989
CR,BES,3,20.125,0.558360256878247,1.32261300922153
CR,BES,3,24.75,0.761556228870696,1.8619813044063
CR,BES,3,29.8333333333333,0.0573744589004821,0.850577895845197
CR,control,1,0,0.843012714516089,1.61271929824497
CR,control,1,14.8333333333333,1.09186983950622,2.22946046219089
CR,control,1,20.125,0.63839031060533,1.41826138827157
CR,control,1,24.75,0.849059381585308,1.9504187566227
CR,control,1,29.8333333333333,0.0654369349358423,1.01367249105543
CR,control,2,0,0.79195075558319,1.59449153848201
CR,control,2,14.8333333333333,1.01161985813297,2.09539241312961
CR,control,2,20.125,0.773259388489033,1.6590634168366
CR,control,2,24.75,0.799428956136514,1.79270434074109
CR,control,2,29.8333333333333,0.061261753884982,0.922971631378304
CR,control,3,0,0.866654806020716,1.77414323029319
CR,control,3,14.8333333333333,0.937700623746421,2.26631630044966
CR,control,3,20.125,0.798733017103954,2.08570681840607
CR,control,3,24.75,0.730545351915755,2.03258634182161
CR,control,3,29.8333333333333,0.0538862235034332,1.03471605535852
CYB,algal,1,0,0.861474449642835,3.57954537942402
CYB,algal,1,15.8333333333333,2.03306930761681,5.08481371316419
CYB,algal,1,20.7916666666667,2.21753536893841,5.28566645653214
CYB,algal,1,26.7916666666667,2.25953546982912,5.23751261787966
CYB,algal,1,5,1.22999494355469,4.22863681114789
CYB,algal,2,0,0.956750948806176,3.88362338012946
CYB,algal,2,15.8333333333333,2.05803664186545,5.21237927585044
CYB,algal,2,20.7916666666667,2.22489705667874,5.47788161973849
CYB,algal,2,26.7916666666667,2.23450669448151,5.34976724036625
CYB,algal,2,5,1.35385031719546,4.60066663033523
CYB,algal,3,0,0.974530262035787,3.92454134096691
CYB,algal,3,15.8333333333333,2.08739238995203,5.32018250094022
CYB,algal,3,20.7916666666667,2.27151657900332,5.59463457173931
CYB,algal,3,26.7916666666667,2.18973683369725,5.28871844325395
CYB,algal,3,5,1.38782794343347,4.60146224343718
CYB,algalBES,1,0,0.840227472357741,3.84546098248234
CYB,algalBES,1,15.8333333333333,0.959200960977464,4.4122856702892
CYB,algalBES,1,20.7916666666667,0.910388233577397,4.45835917779992
CYB,algalBES,1,26.7916666666667,0.7869089202608,4.17096741973767
CYB,algalBES,1,5,0.922744536120579,4.21220397019914
CYB,algalBES,2,0,0.646182599689669,3.14562542986511
CYB,algalBES,2,15.8333333333333,0.965131611960073,4.31553381509496
CYB,algalBES,2,20.7916666666667,0.901627821141909,4.22436962549204
CYB,algalBES,2,26.7916666666667,0.811714702338477,4.0543298979619
CYB,algalBES,2,5,0.758377586533394,3.49939686573419
CYB,algalBES,3,0,0.562976852724127,2.65848614981448
CYB,algalBES,3,15.8333333333333,0.978757470636704,4.28831142699157
CYB,algalBES,3,20.7916666666667,0.904650984601263,4.17328602172776
CYB,algalBES,3,26.7916666666667,0.824111814336936,4.07391824089039
CYB,algalBES,3,5,0.758503522441894,3.36069735330763
CYB,BES,1,0,1.10636909764084,4.20669341146559
CYB,BES,1,15.8333333333333,1.20015108125897,4.04182711178015
CYB,BES,1,20.7916666666667,1.17666715695695,3.88609519572839
CYB,BES,1,26.7916666666667,0.995145426666152,3.48103492467232
CYB,BES,1,5,1.29145314897401,4.37507663995476
CYB,BES,2,0,0.883237969766828,3.514401262184
CYB,BES,2,15.8333333333333,1.25038259608361,3.98824909431206
CYB,BES,2,20.7916666666667,1.15700510036477,3.77801853346092
CYB,BES,2,26.7916666666667,0.98784987886204,3.42270918396108
CYB,BES,2,5,1.28106553900824,4.46046156054646
CYB,BES,3,0,0.791655605241426,3.36033949336468
CYB,BES,3,15.8333333333333,1.10903816843602,3.67722929935201
CYB,BES,3,20.7916666666667,1.06835255162468,3.66614920574609
CYB,BES,3,26.7916666666667,0.902843773449647,3.31329799292345
CYB,BES,3,5,0.958579428139219,3.46073516958713
CYB,control,1,0,1.39793536348705,3.73835425196213
CYB,control,1,15.8333333333333,1.65406166820462,4.16282153077423
CYB,control,1,20.7916666666667,1.50798977408862,4.16594746993529
CYB,control,1,26.7916666666667,1.22788863724854,4.06027833782262
CYB,control,1,5,1.8579761162764,4.77313486291625
CYB,control,2,0,1.06892944650045,3.7673229840037
CYB,control,2,15.8333333333333,1.49087531336136,4.22985408696119
CYB,control,2,20.7916666666667,1.36804798464728,4.3271366862608
CYB,control,2,26.7916666666667,1.14909477084437,4.1287682455143
CYB,control,2,5,1.42470222546474,4.5401277943525
CYB,control,3,0,1.06357478429022,3.68539744180711
CYB,control,3,15.8333333333333,1.26450354920105,4.11448800207175
CYB,control,3,20.7916666666667,1.06725438592256,4.17736778872971
CYB,control,3,26.7916666666667,0.981216674110784,4.09573636964036
CYB,control,3,5,1.22595191055907,3.81667726199873
HB,algal,1,0,1.14028366850771,2.83627731833049
HB,algal,1,15,0.147726156518525,1.79324999131703
HB,algal,1,20.0833333333333,1.43588400995548,3.07740308163203
HB,algal,1,25.1666666666667,1.80584644986004,3.68099145713736
HB,algal,1,5.29166666666667,1.17625273642823,2.52433328079468
HB,algal,1,9.91666666666667,1.93317050401707,3.96777125392196
HB,algal,2,0,1.06484940332219,2.56480692191092
HB,algal,2,15,0.172854828114559,2.07376301052829
HB,algal,2,25.1666666666667,1.72413194469227,3.646733925931
HB,algal,2,5.29166666666667,1.15870876725795,2.42900006778895
HB,algal,2,9.91666666666667,2.23952028193921,4.46809287322087
HB,algal,3,0,0.982394906970259,2.38936879760494
HB,algal,3,15,0.165349640987475,1.94253789746257
HB,algal,3,20.0833333333333,2.02180625833535,4.14472391706435
HB,algal,3,5.29166666666667,1.35068073942713,2.8195530715057
HB,algal,3,9.91666666666667,2.18928676009495,4.42604278810865
HB,algalBES,1,0,0.742461290155775,2.41346661049752
HB,algalBES,1,15,0.0834788028902843,1.52052687752421
HB,algalBES,1,20.0833333333333,0.860024630130626,3.11534094076314
HB,algalBES,1,25.1666666666667,0.954849612669619,3.54538953454664
HB,algalBES,1,5.29166666666667,0.879002445255422,2.6588196887142
HB,algalBES,1,9.91666666666667,1.10974285080303,3.37906719657948
HB,algalBES,2,0,0.78537144270056,2.428661311008
HB,algalBES,2,15,0.0886204144136819,1.6886803693576
HB,algalBES,2,25.1666666666667,1.10379873623027,3.77613386225967
HB,algalBES,2,5.29166666666667,0.859251302277948,2.53176903530256
HB,algalBES,2,9.91666666666667,1.16089275850356,3.50111269242714
HB,algalBES,3,0,0.856630296050745,2.5780503276577
HB,algalBES,3,15,0.101514436170895,1.80678323141664
HB,algalBES,3,20.0833333333333,1.12368474662567,3.64840321948863
HB,algalBES,3,5.29166666666667,1.09877312461406,3.10350897061017
HB,algalBES,3,9.91666666666667,1.33871462961976,3.78266237453592
HB,BES,1,0,0.682426655664659,1.82641227064984
HB,BES,1,15,0.115275110037629,1.32117681469442
HB,BES,1,20.0833333333333,1.1187799600106,2.56702492744171
HB,BES,1,25.1666666666667,1.19240761165299,2.7478063480377
HB,BES,1,5.29166666666667,1.05437163242085,2.46756200556279
HB,BES,1,9.91666666666667,1.55936746704201,3.44704398552869
HB,BES,2,0,0.76301026135865,2.15331246619496
HB,BES,2,15,0.106093720949927,1.34190840062553
HB,BES,2,25.1666666666667,1.06216505662421,2.63657757133722
HB,BES,2,5.29166666666667,0.971717005172272,2.37662380716692
HB,BES,2,9.91666666666667,1.41962537816255,3.25499895207058
HB,BES,3,0,0.92235680862381,2.66461897531997
HB,BES,3,15,0.108938111713799,1.42214081000255
HB,BES,3,20.0833333333333,1.35249660817656,3.19850069350392
HB,BES,3,5.29166666666667,1.06775048125768,2.61758197293104
HB,BES,3,9.91666666666667,1.44597671114406,3.29327949219067
HB,control,1,0,0.89028069194714,1.90711443781347
HB,control,1,15,0.129880447634455,1.18692660719668
HB,control,1,20.0833333333333,1.23373283629577,2.709251383347
HB,control,1,25.1666666666667,1.05556555640578,2.34578080640077
HB,control,1,5.29166666666667,1.10376313368317,2.03254660460732
HB,control,1,9.91666666666667,1.79429126027775,3.26629977990272
HB,control,2,0,1.19527476068043,2.53910419750387
HB,control,2,15,0.135413243473408,1.26353408640683
HB,control,2,25.1666666666667,1.27570105739966,2.53840026059196
HB,control,2,5.29166666666667,1.28960745810619,2.33257727062806
HB,control,2,9.91666666666667,1.83575926848351,3.1833572920006
HB,control,3,0,1.16568088804288,2.65310538996527
HB,control,3,15,0.127783936466598,1.33131115027
HB,control,3,20.0833333333333,1.39056968362836,2.63654316994188
HB,control,3,5.29166666666667,1.20309230346801,2.36846530238223
HB,control,3,9.91666666666667,1.70308349881895,3.15162759680596
HH,algal,1,0,0.506996285596908,2.10056575990011
HH,algal,1,10.9583333333333,1.1605487885147,3.07480375984253
HH,algal,1,19.7916666666667,1.88643975941123,3.68533866174134
HH,algal,1,24.7916666666667,1.9127978998324,3.59690315626383
HH,algal,1,4.95833333333333,0.909958861710083,2.84483494157944
HH,algal,2,0,0.488289032290237,2.19151780537158
HH,algal,2,10.9583333333333,0.947288093718774,2.56740418036547
HH,algal,2,19.7916666666667,1.93885087645488,3.79141269177723
HH,algal,2,24.7916666666667,1.98854122393481,3.66439105033975
HH,algal,2,4.95833333333333,0.724392365049044,2.46466931825294
HH,algal,3,0,0.377253707721599,1.80301555783916
HH,algal,3,10.9583333333333,0.99405528102727,2.68203591395785
HH,algal,3,19.7916666666667,1.86713845248922,3.60244488115558
HH,algal,3,24.7916666666667,1.94025484827286,3.49856857749743
HH,algal,3,4.95833333333333,0.732735437817142,2.51404949430879
HH,algalBES,1,0,0.375373108966814,2.19689721015099
HH,algalBES,1,10.9583333333333,0.496111039764186,2.34310590557715
HH,algalBES,1,19.7916666666667,0.634595090767816,3.10760108648656
HH,algalBES,1,24.7916666666667,0.560447598570114,2.88235760764292
HH,algalBES,1,4.95833333333333,0.567308820303672,2.89466126852154
HH,algalBES,2,0,0.384653126764328,2.52761872745174
HH,algalBES,2,10.9583333333333,0.60780927845566,2.87570067001585
HH,algalBES,2,19.7916666666667,0.670772758337936,3.07354214960808
HH,algalBES,2,24.7916666666667,0.57991229074747,2.72002315512914
HH,algalBES,2,4.95833333333333,0.622276099456006,3.27646394937482
HH,algalBES,3,0,0.39286812680781,2.52999602491956
HH,algalBES,3,10.9583333333333,0.423486434525191,2.13534426618717
HH,algalBES,3,19.7916666666667,0.4991339892036,2.55237255161261
HH,algalBES,3,24.7916666666667,0.45167212769073,2.4200300087615
HH,algalBES,3,4.95833333333333,0.517237271275134,2.96394388476364
HH,BES,1,0,0.35924325118514,1.9068799877381
HH,BES,1,10.9583333333333,0.614216501183726,2.55688364459384
HH,BES,1,19.7916666666667,0.692273335406475,2.57423418263927
HH,BES,1,24.7916666666667,0.59786865205987,2.2625325251163
HH,BES,1,4.95833333333333,0.650035621287378,2.78046666370829
HH,BES,2,0,0.400053562485543,2.34596556783624
HH,BES,2,10.9583333333333,0.460040733852259,2.34478806597295
HH,BES,2,19.7916666666667,0.53857126548285,2.7377700445748
HH,BES,2,24.7916666666667,0.401583661008815,2.26548164332094
HH,BES,2,4.95833333333333,0.607834510028368,3.01398965078934
HH,BES,3,0,0.31072403542923,1.92671465232896
HH,BES,3,10.9583333333333,0.369966213653233,2.06329346626966
HH,BES,3,19.7916666666667,0.381380970288818,2.17649179194877
HH,BES,3,24.7916666666667,0.312859168689517,1.99922195641543
HH,BES,3,4.95833333333333,0.473688019585306,2.5672075527735
HH,control,1,0,0.38739753738327,1.55462271312586
HH,control,1,10.9583333333333,0.436703473028153,2.17632323825978
HH,control,1,19.7916666666667,0.336488894703082,2.4419006611925
HH,control,1,24.7916666666667,0.0918919978575843,2.41314876357443
HH,control,1,4.95833333333333,0.64649340607538,2.5935183085641
HH,control,2,0,0.434867441950506,1.71879633479806
HH,control,2,10.9583333333333,0.551793183647189,2.41165051030039
HH,control,2,19.7916666666667,0.450743212574883,2.58800245943617
HH,control,2,24.7916666666667,0.288125016364322,2.45987537505469
HH,control,2,4.95833333333333,0.69650824166758,2.51469759710605
HH,control,3,0,0.260910263477236,1.37717693791063
HH,control,3,10.9583333333333,0.248662101021064,1.85467368334384
HH,control,3,19.7916666666667,0.118790160825814,2.2571645732003
HH,control,3,24.7916666666667,0.0362304469636604,2.14506730012848
HH,control,3,4.95833333333333,0.402569041716686,2.00870110635059
JS,algal,1,0,0.538349297477815,1.85142877774303
JS,algal,1,11.9583333333333,1.51560713953327,2.98700255717232
JS,algal,1,17.2916666666667,1.72626272028376,3.16170967377286
JS,algal,1,22.0416666666667,2.83141834114918,4.45850784448195
JS,algal,1,6.95833333333333,1.00929673707332,2.52001266948346
JS,algal,2,0,0.559836629558335,1.60709169815246
JS,algal,2,11.9583333333333,1.30162959095387,2.54407956429591
JS,algal,2,17.2916666666667,1.40425780882199,2.59644931694127
JS,algal,2,22.0416666666667,2.34373732578514,3.76932334417741
JS,algal,2,6.95833333333333,0.900578833199994,2.05059759816609
JS,algal,3,0,0.312299876737605,2.24890801771144
JS,algal,3,11.9583333333333,0.690558939901638,3.9762785610845
JS,algal,3,17.2916666666667,0.847257662013315,3.25981805414258
JS,algal,3,22.0416666666667,1.63086735089463,4.58866981737843
JS,algal,3,6.95833333333333,0.39167548392626,2.93740101937986
JS,algalBES,1,0,1.18393065914243,4.81171526100852
JS,algalBES,1,11.9583333333333,0.847059192594465,5.8598195502939
JS,algalBES,1,17.2916666666667,0.579258936591148,5.29994354178679
JS,algalBES,1,22.0416666666667,0.655316449039796,7.60737588814853
JS,algalBES,1,6.95833333333333,0.899796726515822,4.89879275066987
JS,algalBES,2,0,0.0765790148272627,1.50527251612063
JS,algalBES,2,11.9583333333333,0.0919690204375433,2.45756018067224
JS,algalBES,2,17.2916666666667,0.0744261429617452,2.30259495602237
JS,algalBES,2,22.0416666666667,0.0782226119977005,2.92935755599633
JS,algalBES,2,6.95833333333333,0.0839760280830399,1.87764718626139
JS,algalBES,3,0,1.38129021609364,4.64615597121574
JS,algalBES,3,11.9583333333333,1.0864685927236,6.69737940207649
JS,algalBES,3,17.2916666666667,0.782807357854916,6.35705253024536
JS,algalBES,3,22.0416666666667,0.74832397380861,7.50201751321585
JS,algalBES,3,6.95833333333333,1.08897315675641,5.10645730981822
JS,BES,1,0,1.41131113324292,4.55291778499113
JS,BES,1,11.9583333333333,1.09801910042723,6.10632790908188
JS,BES,1,17.2916666666667,0.785765586155117,5.26865276724505
JS,BES,1,22.0416666666667,0.957418987920445,7.26655650933018
JS,BES,1,6.95833333333333,1.23049961348207,5.58559990469595
JS,BES,2,0,0.101479825483226,1.55327381972138
JS,BES,2,11.9583333333333,0.123786369639125,2.20447522948261
JS,BES,2,17.2916666666667,0.101890020724353,2.01120501717067
JS,BES,2,22.0416666666667,0.107138184658467,2.41419410767138
JS,BES,2,6.95833333333333,0.115176613100705,1.86360641534127
JS,BES,3,0,0.0870208407099419,1.50391398006244
JS,BES,3,11.9583333333333,0.148488154554327,2.27289863602174
JS,BES,3,17.2916666666667,0.116507724170817,1.89051589240005
JS,BES,3,22.0416666666667,0.131522013167891,2.31237138565545
JS,BES,3,6.95833333333333,0.126241262345034,1.89915123474787
JS,control,1,0,0.929733565041827,1.66285177206311
JS,control,1,11.9583333333333,1.31548535955849,2.98945460466033
JS,control,1,17.2916666666667,0.839316100506947,2.73045286008006
JS,control,1,22.0416666666667,0.65088492468948,3.71632340050871
JS,control,1,6.95833333333333,1.35096079265814,2.33374282021348
JS,control,2,0,1.00924143989863,1.80007757197057
JS,control,2,11.9583333333333,1.58992380603312,2.35144155446504
JS,control,2,17.2916666666667,1.3361255496261,2.24382126903725
JS,control,2,22.0416666666667,1.60764183551585,3.11178928582009
JS,control,2,6.95833333333333,1.5148594785301,2.36207937667096
JS,control,3,0,1.03226522246895,1.84338591618682
JS,control,3,11.9583333333333,1.57744807139484,2.48365023130576
JS,control,3,17.2916666666667,1.29016373707346,2.61197314422885
JS,control,3,22.0416666666667,1.45553188504218,3.21838765446142
JS,control,3,6.95833333333333,1.46036231542244,2.31125697343991
MI,algal,1,0,0.536483956518531,1.59218947613786
MI,algal,1,15.8333333333333,1.27084744386215,2.79107849796262
MI,algal,1,20.7916666666667,1.44304540283406,3.12786796135566
MI,algal,1,26.7916666666667,1.16809015736987,2.64288884631064
MI,algal,1,5,1.01934711624634,2.72109949703875
MI,algal,2,0,0.47064047048738,1.47697808942855
MI,algal,2,15.8333333333333,1.13642361233069,2.70865890568591
MI,algal,2,20.7916666666667,1.20594943009518,2.78084819239544
MI,algal,2,26.7916666666667,1.12262108754031,2.75275498398558
MI,algal,2,5,0.915266412652907,2.69160396369133
MI,algal,3,0,0.540689064047652,1.55755753269274
MI,algal,3,15.8333333333333,1.32675556834247,2.70424808058671
MI,algal,3,20.7916666666667,1.27133031107503,2.73062284071314
MI,algal,3,26.7916666666667,1.07913079824479,2.50441471214727
MI,algal,3,5,0.97516232297356,2.56381284730476
MI,algalBES,1,0,0.344799325513425,1.27427481169346
MI,algalBES,1,15.8333333333333,0.478210011956668,2.06838867144829
MI,algalBES,1,20.7916666666667,0.524321232237256,2.32361651858545
MI,algalBES,1,26.7916666666667,0.467006395823103,2.34820500193359
MI,algalBES,1,5,0.481277109208899,1.93037260147719
MI,algalBES,2,0,0.384705984855011,1.49002900147263
MI,algalBES,2,15.8333333333333,0.495470429132057,2.21741882172343
MI,algalBES,2,20.7916666666667,0.496673501162711,2.26364538989452
MI,algalBES,2,26.7916666666667,0.448682909747873,2.35755406440118
MI,algalBES,2,5,0.514779977962658,2.13638246610823
MI,algalBES,3,0,0.324268635734099,1.41374856411042
MI,algalBES,3,15.8333333333333,0.456032152232705,2.2546717814914
MI,algalBES,3,20.7916666666667,0.457547330811873,2.34064175790998
MI,algalBES,3,26.7916666666667,0.383144898532591,2.28297955884738
MI,algalBES,3,5,0.504575122223437,2.33041953944535
MI,BES,1,0,0.349821738567403,1.13892535413154
MI,BES,1,15.8333333333333,0.52905740644396,1.39283716028891
MI,BES,1,20.7916666666667,0.509138441599245,1.41135447681026
MI,BES,1,26.7916666666667,0.412845026010333,1.42294417677429
MI,BES,1,5,0.561440768805646,1.67537043211134
MI,BES,2,0,0.356367144330821,1.16931894206901
MI,BES,2,15.8333333333333,0.541241678069526,1.39941208016005
MI,BES,2,20.7916666666667,0.483678584511258,1.38473122825144
MI,BES,2,26.7916666666667,0.411774078993181,1.44952860446802
MI,BES,2,5,0.458466471266296,1.389852787653
MI,BES,3,0,0.376759265849028,1.21265209632917
MI,BES,3,15.8333333333333,0.511711366426438,1.38207166035247
MI,BES,3,20.7916666666667,0.512669076410099,1.4166594403414
MI,BES,3,26.7916666666667,0.427273033054159,1.4450443884434
MI,BES,3,5,0.496794153871319,1.43383397711666
MI,control,1,0,0.56674334808463,1.47135470979389
MI,control,1,15.8333333333333,0.699026639083997,1.66135645867083
MI,control,1,20.7916666666667,0.590501930718882,1.7456807138047
MI,control,1,26.7916666666667,0.414698097066789,1.61315394017393
MI,control,1,5,0.713228818394056,1.62085878221961
MI,control,2,0,0.486622619074686,1.36340429115737
MI,control,2,15.8333333333333,0.68501952898279,1.62002175720065
MI,control,2,20.7916666666667,0.575626741706446,1.73588502601672
MI,control,2,26.7916666666667,0.448705819208664,1.65666346095339
MI,control,2,5,0.673919565629978,1.64135563479485
MI,control,3,0,0.472251589903086,1.30661829620026
MI,control,3,15.8333333333333,0.71513226087611,1.54933800728132
MI,control,3,20.7916666666667,0.694763348213746,1.61893860914789
MI,control,3,26.7916666666667,0.571868434012367,1.54311917554027
MI,control,3,5,0.645181121094863,1.56545221011487
MO,algal,1,0,0.782419484944563,2.07119903695801
MO,algal,1,10.8333333333333,1.47497060172578,3.47859514149239
MO,algal,1,13.7291666666667,1.5992300168162,3.88163011953762
MO,algal,1,19.8958333333333,1.69126131357172,3.89978117123328
MO,algal,1,24.8125,1.88192161796869,4.06190234342696
MO,algal,1,4.875,1.09260180790744,2.58341674248627
MO,algal,2,0,0.668489334465185,1.93758834190721
MO,algal,2,10.8333333333333,1.05196736334684,3.15394585290505
MO,algal,2,13.7291666666667,1.30425317303062,3.91264430337761
MO,algal,2,19.8958333333333,1.47629687219411,4.06604541542226
MO,algal,2,24.8125,1.51536248018782,3.79783537182423
MO,algal,2,4.875,0.977946143415665,2.76497017235049
MO,algal,3,0,0.555072935491376,1.74007092780096
MO,algal,3,10.8333333333333,0.956005705414574,3.18777602186531
MO,algal,3,13.7291666666667,1.11024997879792,3.65761618426534
MO,algal,3,19.8958333333333,1.29557880278692,3.88924519252143
MO,algal,3,24.8125,1.39298465552895,3.74645415167096
MO,algal,3,4.875,0.835950713067938,2.64407399943085
MO,algalBES,1,0,0.765029200509318,2.79904557284789
MO,algalBES,1,10.8333333333333,1.26921539571102,4.11897308109886
MO,algalBES,1,13.7291666666667,1.26069594649202,4.46557493471309
MO,algalBES,1,19.8958333333333,1.10638851661878,4.26038679495103
MO,algalBES,1,24.8125,0.845609947879327,3.64720552325202
MO,algalBES,1,4.875,1.11481820676174,3.79133036205496
MO,algalBES,2,0,0.607277857529158,2.67699490447967
MO,algalBES,2,10.8333333333333,0.958635863247972,3.87847861114856
MO,algalBES,2,13.7291666666667,0.923231286175657,4.12651708785904
MO,algalBES,2,19.8958333333333,0.592441608920203,3.07355275908269
MO,algalBES,2,24.8125,0.569841308979725,3.04243269797225
MO,algalBES,2,4.875,0.855702404816115,3.60762520120089
MO,algalBES,3,0,0.517608480514421,2.06646569381014
MO,algalBES,3,10.8333333333333,1.28370882549035,4.7492186376186
MO,algalBES,3,13.7291666666667,1.10622024462753,4.68362233658868
MO,algalBES,3,19.8958333333333,0.851508040899823,4.11226201817619
MO,algalBES,3,24.8125,0.734916055248253,3.58963246197149
MO,algalBES,3,4.875,1.04279148290703,3.73500336252526
MO,BES,1,0,0.399932826182053,1.62743927582953
MO,BES,1,10.8333333333333,0.635145855012481,2.17683835357399
MO,BES,1,13.7291666666667,0.558283783246166,2.00920883988852
MO,BES,1,19.8958333333333,0.552095602833053,2.19067515537547
MO,BES,1,24.8125,0.489754446751172,2.17886153022263
MO,BES,1,4.875,0.631528952237002,2.19319079486453
MO,BES,2,0,0.664480948924057,1.96748132355224
MO,BES,2,10.8333333333333,1.1206384401946,2.68150807140129
MO,BES,2,13.7291666666667,1.02391508460873,2.68943907127459
MO,BES,2,19.8958333333333,0.960846575367991,2.78769081349321
MO,BES,2,24.8125,0.857532898454228,2.69046120291723
MO,BES,2,4.875,0.977435425261915,2.38106402693091
MO,BES,3,0,0.856582620897563,2.75613209539669
MO,BES,3,10.8333333333333,1.46842122501565,3.86568096267253
MO,BES,3,13.7291666666667,1.3440957249146,3.77412189589075
MO,BES,3,19.8958333333333,0.958734577303365,2.9787593163144
MO,BES,3,24.8125,0.959829257213671,2.91745988041895
MO,BES,3,4.875,1.32456078413537,3.57061308518889
MO,control,1,0,0.649188866698102,1.67856079822902
MO,control,1,10.8333333333333,1.45296404825609,2.68313147996993
MO,control,1,13.7291666666667,1.03614371031335,3.00294363179037
MO,control,1,19.8958333333333,0.841567458360129,2.95421647013273
MO,control,1,24.8125,0.807666602732016,2.74608087332444
MO,control,1,4.875,1.05618682976072,2.39274915811693
MO,control,2,0,0.847192338156523,2.24089956860325
MO,control,2,10.8333333333333,1.35122658670995,2.99294904965526
MO,control,2,13.7291666666667,1.33543727714189,3.28583813576929
MO,control,2,19.8958333333333,1.04180018801316,2.97049417980291
MO,control,2,24.8125,1.03831283431726,2.91939855131149
MO,control,2,4.875,1.48306727046385,3.32552730014459
MO,control,3,0,0.843382735768164,2.00321314284696
MO,control,3,10.8333333333333,1.41595432939692,2.97492907831448
MO,control,3,13.7291666666667,1.35961465060107,3.12267914468408
MO,control,3,19.8958333333333,1.24313929727414,3.17251772532881
MO,control,3,24.8125,1.11266950946414,2.89197908092346
MO,control,3,4.875,1.28533407565137,2.64505790679688
NG,algal,1,0,0.83685269961304,2.69484641674997
NG,algal,1,16.0625,1.21614982186519,3.37467914444731
NG,algal,1,19.1458333333333,1.40861221005575,3.99509542188672
NG,algal,1,25.0208333333333,1.36032757678347,3.91971907534038
NG,algal,1,4,0.976878912544518,2.80585435387249
NG,algal,1,9.97916666666667,1.15534761964368,3.31603303872146
NG,algal,2,0,0.820622365031763,2.68612551908986
NG,algal,2,16.0625,1.12936987655848,3.40644356450351
NG,algal,2,19.1458333333333,1.22254256667355,3.76704147575938
NG,algal,2,25.0208333333333,0.938510009377622,3.08168325973037
NG,algal,2,4,0.985686506646648,2.95040893360888
NG,algal,2,9.97916666666667,0.991272210159068,3.14486467834557
NG,algal,3,0,0.618724424261464,2.19065312517325
NG,algal,3,16.0625,1.14533880058822,3.77559257716791
NG,algal,3,19.1458333333333,1.10120145877132,3.8238923283438
NG,algal,3,25.0208333333333,1.04065420461288,3.79393308717158
NG,algal,3,4,0.877110894482762,2.9467182687568
NG,algal,3,9.97916666666667,0.911341338493848,3.0468807439192
NG,algalBES,1,0,0.0973991407260634,1.26615468432552
NG,algalBES,1,16.0625,0.17830579904672,2.55334825457724
NG,algalBES,1,19.1458333333333,0.163878663733492,2.46877595707873
NG,algalBES,1,25.0208333333333,0.179201792873203,2.82155200115759
NG,algalBES,1,4,0.188347790998797,2.33961295218121
NG,algalBES,1,9.97916666666667,0.166013556240857,2.19304235338859
NG,algalBES,2,0,0.0996449251301303,1.36632821937468
NG,algalBES,2,16.0625,0.168895682112268,2.46689999678495
NG,algalBES,2,19.1458333333333,0.150522972488633,2.29474257281398
NG,algalBES,2,25.0208333333333,0.179685925673613,2.92908785800629
NG,algalBES,2,4,0.180259706876277,2.35651567920419
NG,algalBES,2,9.97916666666667,0.190220714223927,2.64586607010684
NG,algalBES,3,0,0.312252607325021,1.87261605786787
NG,algalBES,3,16.0625,0.550880380769804,3.17219998094636
NG,algalBES,3,19.1458333333333,0.420017220994536,2.55846552560774
NG,algalBES,3,25.0208333333333,0.445116274410619,2.94519882311107
NG,algalBES,3,4,0.449079496488116,2.51238508360239
NG,algalBES,3,9.97916666666667,0.426779156822288,2.43946061543186
NG,BES,1,0,0.282655324428875,1.67020411822338
NG,BES,1,16.0625,0.484727973810692,2.26905884493943
NG,BES,1,19.1458333333333,0.514460684009245,2.45730672218114
NG,BES,1,25.0208333333333,0.516259396274776,2.5323134014691
NG,BES,1,4,0.415204691393405,2.15773697500751
NG,BES,1,9.97916666666667,0.418016930032789,2.05209264303606
NG,BES,2,0,0.303525931874428,1.66823784773424
NG,BES,2,16.0625,0.531562875251309,2.38217063066054
NG,BES,2,19.1458333333333,0.561807610554072,2.57765475198862
NG,BES,2,25.0208333333333,0.461862257948567,2.13237536466619
NG,BES,2,4,0.525878456253406,2.59553190536119
NG,BES,2,9.97916666666667,0.480055789359704,2.21671774892181
NG,BES,3,0,0.461345549822472,1.74566333632824
NG,BES,3,16.0625,0.774715103243827,2.40873858010493
NG,BES,3,19.1458333333333,0.77178650041957,2.48780249164542
NG,BES,3,25.0208333333333,0.804136502673602,2.67192389876492
NG,BES,3,4,0.734679813096573,2.47556305328101
NG,BES,3,9.97916666666667,0.72223433258749,2.34495797275121
NG,control,1,0,1.22098903814514,2.8198807312808
NG,control,1,16.0625,1.65620715505548,4.23024811449019
NG,control,1,19.1458333333333,1.17890353067228,4.26803153220804
NG,control,1,25.0208333333333,0.257419868646288,4.07410529010023
NG,control,1,4,1.86077196033789,3.96806791569273
NG,control,1,9.97916666666667,1.66296495043499,3.51673952565552
NG,control,2,0,1.37856377278466,2.9273267860374
NG,control,2,16.0625,2.06813341888497,3.64653090197513
NG,control,2,19.1458333333333,1.97504470209806,3.58212295889176
NG,control,2,25.0208333333333,1.73954269454918,3.33698665165755
NG,control,2,4,1.95627364114646,3.72790897226952
NG,control,2,9.97916666666667,1.72010769036253,3.14553486922782
NG,control,3,0,1.24838414413332,2.62267165497039
NG,control,3,16.0625,1.68025618472258,2.86751652847328
NG,control,3,19.1458333333333,1.87089791798676,3.25211437626862
NG,control,3,25.0208333333333,1.71974814049151,3.12409036414394
NG,control,3,4,1.93558027214598,3.51564824245622
NG,control,3,9.97916666666667,1.89206036796308,3.41271372815415
NH,algal,1,0,0.633261950404112,2.03079675780412
NH,algal,1,10.9583333333333,1.64042288045911,3.62507224596312
NH,algal,1,19.7916666666667,2.31460182582834,4.0307449400811
NH,algal,1,24.7916666666667,2.43994309616941,4.28821954853133
NH,algal,1,4.95833333333333,1.46746773958556,3.59764758797689
NH,algal,2,0,0.706165063102841,2.2562248464764
NH,algal,2,10.9583333333333,1.50622443458218,3.43939971095038
NH,algal,2,19.7916666666667,2.25553937821127,4.16873126246871
NH,algal,2,24.7916666666667,2.27653851692148,4.18169571320123
NH,algal,2,4.95833333333333,1.41912945637877,3.51738121145297
NH,algal,3,0,0.681046037217557,2.30046435172709
NH,algal,3,10.9583333333333,1.34630093810627,3.19352532172859
NH,algal,3,19.7916666666667,2.02817853376335,3.99358310303926
NH,algal,3,24.7916666666667,2.11855829407894,4.10233416303863
NH,algal,3,4.95833333333333,1.31102859496633,3.40763540059031
NH,algalBES,1,0,0.657151317137824,2.70894940441266
NH,algalBES,1,10.9583333333333,0.955334456148862,3.73855419196823
NH,algalBES,1,19.7916666666667,1.02264044558081,3.86756845249562
NH,algalBES,1,24.7916666666667,0.934413861444618,3.82191671362297
NH,algalBES,1,4.95833333333333,1.03915209693463,4.00404068352013
NH,algalBES,2,0,0.748106501108207,2.84153892691125
NH,algalBES,2,10.9583333333333,0.827836239970015,3.2225067484295
NH,algalBES,2,19.7916666666667,0.927266471225061,3.72790499829254
NH,algalBES,2,24.7916666666667,0.840599206511798,3.6160603078039
NH,algalBES,2,4.95833333333333,0.934207396219218,3.48713662452475
NH,algalBES,3,0,0.628824864294294,2.44775301210168
NH,algalBES,3,10.9583333333333,0.74593013198957,3.05593660806198
NH,algalBES,3,19.7916666666667,0.82461075474977,3.52978299759335
NH,algalBES,3,24.7916666666667,0.71273696098954,3.23994937212477
NH,algalBES,3,4.95833333333333,0.865354579935135,3.29446253335697
NH,BES,1,0,0.677884921827938,2.60960577007583
NH,BES,1,10.9583333333333,0.786325756190768,2.50717552017967
NH,BES,1,19.7916666666667,0.951874936477429,2.90696880070871
NH,BES,1,24.7916666666667,0.884365895474605,2.88226364604237
NH,BES,1,4.95833333333333,0.96319450425074,3.12094250530732
NH,BES,2,0,0.746977141893329,2.8252052087754
NH,BES,2,10.9583333333333,0.903207009831318,2.71544338687818
NH,BES,2,19.7916666666667,1.08979102598565,3.15397082318069
NH,BES,2,24.7916666666667,1.02921179159618,3.11222903516748
NH,BES,2,4.95833333333333,1.10684764994714,3.43476836315896
NH,BES,3,0,0.606445905667225,2.28934476585445
NH,BES,3,10.9583333333333,0.791979026945231,2.41580155190777
NH,BES,3,19.7916666666667,0.980720334141674,2.87203676903816
NH,BES,3,24.7916666666667,0.856703531764852,2.68005551240982
NH,BES,3,4.95833333333333,0.917663535149194,2.87574727374766
NH,control,1,0,0.663106638692852,1.98314700473434
NH,control,1,10.9583333333333,1.21770911610336,2.65069980616604
NH,control,1,19.7916666666667,1.20894888789216,2.68138158799773
NH,control,1,24.7916666666667,0.934023777674072,2.68424271949492
NH,control,1,4.95833333333333,1.57357492419862,3.22977022967442
NH,control,2,0,0.721516560509015,2.11909840366007
NH,control,2,10.9583333333333,0.963470435447505,2.6799517382767
NH,control,2,19.7916666666667,0.957652223250798,2.66543361491803
NH,control,2,24.7916666666667,0.828014287069855,2.60178612735992
NH,control,2,4.95833333333333,1.24037556295332,3.03664901568843
NH,control,3,0,0.593600037879708,1.76157459276627
NH,control,3,10.9583333333333,0.827686929243511,2.43380031017707
NH,control,3,19.7916666666667,0.810710580118821,2.3963808255554
NH,control,3,24.7916666666667,0.721609949904558,2.53983848919321
NH,control,3,4.95833333333333,0.999619502005055,2.51908581483658
PA,algal,1,0,0.533297544101107,1.62029924054905
PA,algal,1,14,2.39189534331194,3.27654939447987
PA,algal,1,20.0833333333333,3.52941251645472,4.67681863557446
PA,algal,1,25.1666666666667,4.04404851923459,4.64553790202966
PA,algal,1,3.94791666666667,1.2510467335578,2.65971153783844
PA,algal,1,9.08333333333333,1.73453807367186,2.86775467148121
PA,algal,2,0,0.845057001696888,2.11587677887399
PA,algal,2,14,3.65486636188319,4.42531000360705
PA,algal,2,20.0833333333333,5.06055256938966,5.69505019834586
PA,algal,2,25.1666666666667,5.21609851451091,5.50028655849504
PA,algal,2,3.94791666666667,1.90550533825885,3.33272895334306
PA,algal,2,9.08333333333333,2.36975807762696,3.62459422793677
PA,algal,3,0,0.770289102799921,1.89706720952356
PA,algal,3,14,2.97088465318879,3.60728617302265
PA,algal,3,20.0833333333333,3.27400915411855,3.68964216084011
PA,algal,3,25.1666666666667,4.98831625382049,5.16609695074172
PA,algal,3,3.94791666666667,1.41525838859257,2.69575195386807
PA,algal,3,9.08333333333333,1.97319880283363,2.92720768242959
PA,algalBES,1,0,0.247480899324129,1.48137101393429
PA,algalBES,1,14,0.324258739101602,2.10538723701784
PA,algalBES,1,20.0833333333333,0.409008458058726,2.58525443576222
PA,algalBES,1,25.1666666666667,0.433852584183889,2.83682402664031
PA,algalBES,1,3.94791666666667,0.353573459401605,1.90979941828643
PA,algalBES,1,9.08333333333333,0.389794448972911,2.20427490148315
PA,algalBES,2,0,0.379744342719296,1.59493030414201
PA,algalBES,2,14,0.5417040829715,2.51017803484274
PA,algalBES,2,20.0833333333333,0.590529209476074,2.7827524261791
PA,algalBES,2,25.1666666666667,0.556288577119429,2.75517646362885
PA,algalBES,2,3.94791666666667,0.482982984768623,1.99630421341135
PA,algalBES,2,9.08333333333333,0.50813533750247,2.23008074529653
PA,algalBES,3,0,0.348166753416763,1.61969779272198
PA,algalBES,3,14,0.654893245986241,2.88531810428116
PA,algalBES,3,20.0833333333333,0.739802973481856,3.41401789134977
PA,algalBES,3,25.1666666666667,0.565572821427921,2.78340161335164
PA,algalBES,3,3.94791666666667,0.471559354415705,1.98928521819158
PA,algalBES,3,9.08333333333333,0.56435990600715,2.38573059203454
PA,BES,1,0,0.462566404997859,1.87966195125514
PA,BES,1,14,0.607508676977555,2.1911457895811
PA,BES,1,20.0833333333333,0.603374963856183,2.24068672636487
PA,BES,1,25.1666666666667,0.595362318798931,2.65054581388719
PA,BES,1,3.94791666666667,0.487278077290048,1.57372362760809
PA,BES,1,9.08333333333333,0.606421534700785,2.0372651985136
PA,BES,2,0,0.41164706723931,1.79826281821832
PA,BES,2,14,0.534299760078198,2.20555600907013
PA,BES,2,20.0833333333333,0.505459800126852,2.13831333407314
PA,BES,2,25.1666666666667,0.570364857365845,2.59679097079884
PA,BES,2,3.94791666666667,0.453066796907781,1.73546064121865
PA,BES,2,9.08333333333333,0.545035338914807,2.10912046652263
PA,BES,3,0,0.44210463897905,1.66501738347824
PA,BES,3,14,0.601914469596938,1.90705013281953
PA,BES,3,20.0833333333333,0.563899664493971,1.78858485156028
PA,BES,3,25.1666666666667,0.640662649069498,2.1283243171158
PA,BES,3,3.94791666666667,0.492392049270683,1.58967387715394
PA,BES,3,9.08333333333333,0.536319615359753,1.64627101275541
PA,control,1,0,0.556248838063374,1.43588452917803
PA,control,1,14,0.938811928221796,1.9450333225174
PA,control,1,20.0833333333333,1.36096532422763,2.70835574699113
PA,control,1,25.1666666666667,1.11698181968786,2.09026917116707
PA,control,1,3.94791666666667,0.704152344472752,1.63473241476716
PA,control,1,9.08333333333333,0.931606734520876,1.93466432009361
PA,control,2,0,0.483554713792034,1.31088617766305
PA,control,2,14,0.717617389892033,1.71644484390309
PA,control,2,20.0833333333333,0.892493409230625,2.02233641527813
PA,control,2,25.1666666666667,0.731606411378738,1.94681657840363
PA,control,2,3.94791666666667,0.664203927813042,1.64029327591504
PA,control,2,9.08333333333333,0.856311042827477,1.97811440582494
PA,control,3,0,0.565820078200829,1.48332860680175
PA,control,3,14,0.499238330043298,1.40729213745875
PA,control,3,20.0833333333333,0.88096938055166,2.0591774553569
PA,control,3,25.1666666666667,0.856144733096984,2.09118347758649
PA,control,3,3.94791666666667,0.68413837049729,1.81290108285778
PA,control,3,9.08333333333333,0.669442245032818,1.69894070546934
PE,algal,1,0,0.937423765564429,2.31316857002505
PE,algal,1,14,2.77833302138741,4.3873465439427
PE,algal,1,20.0833333333333,3.63197065041756,5.2718539262605
PE,algal,1,25.1666666666667,3.85417623559811,4.88875348649764
PE,algal,1,3.9375,1.16557193850801,2.37076667383883
PE,algal,1,9.08333333333333,1.92150612427355,3.49082620685431
PE,algal,2,0,0.936301506810036,2.15744702853079
PE,algal,2,14,2.57396792375405,4.30751536255611
PE,algal,2,20.0833333333333,3.30696860967451,5.07005066052369
PE,algal,2,25.1666666666667,3.43625861114224,4.63885355640685
PE,algal,2,3.9375,1.17020084443424,2.35075108628251
PE,algal,2,9.08333333333333,1.88953858003513,3.6289839617355
PE,algal,3,0,0.982503557114292,2.17496250074024
PE,algal,3,14,2.55849302261001,3.95854591411883
PE,algal,3,20.0833333333333,3.7000378553645,5.5041671857973
PE,algal,3,25.1666666666667,3.77087409077467,4.85893227250536
PE,algal,3,3.9375,1.3387157976954,2.54569406786459
PE,algal,3,9.08333333333333,2.19291289799979,3.8564007939086
PE,algalBES,1,0,0.875553337103757,2.63406792807994
PE,algalBES,1,14,0.901008030777713,2.77482715976521
PE,algalBES,1,20.0833333333333,1.26493490710067,3.98257269209302
PE,algalBES,1,25.1666666666667,1.22459389871428,4.06683215470172
PE,algalBES,1,3.9375,1.176663027034,3.14997534090317
PE,algalBES,1,9.08333333333333,1.33084872873716,3.6306824232824
PE,algalBES,2,0,0.593397073485272,2.20753726902069
PE,algalBES,2,14,0.8100495811397,2.99471725813344
PE,algalBES,2,20.0833333333333,0.997457351449385,3.91610463428266
PE,algalBES,2,25.1666666666667,0.803986342330162,3.38816029996983
PE,algalBES,2,3.9375,0.833321279151197,2.79901800053157
PE,algalBES,2,9.08333333333333,0.949520015171387,3.2838889371791
PE,algalBES,3,0,0.687379987774769,2.30645502236052
PE,algalBES,3,14,1.03348746734175,3.19809753334113
PE,algalBES,3,20.0833333333333,1.28826996775862,3.96291440731022
PE,algalBES,3,25.1666666666667,1.01758639948286,3.40650553150691
PE,algalBES,3,3.9375,1.02416791474638,2.99915805135836
PE,algalBES,3,9.08333333333333,1.22820465838388,3.57587758547965
PE,BES,1,0,0.784427007420418,2.00557559492136
PE,BES,1,14,1.08274494849342,2.28572124544573
PE,BES,1,20.0833333333333,1.53375937528382,3.06326294199313
PE,BES,1,25.1666666666667,1.22219103222536,2.42672762908508
PE,BES,1,3.9375,1.01990369663779,2.18270819427518
PE,BES,1,9.08333333333333,1.38188144140001,2.77018469088206
PE,BES,2,0,0.707949028962957,2.01300920022848
PE,BES,2,14,1.01105895854045,2.37510262625241
PE,BES,2,20.0833333333333,1.29943442741433,2.98839686170665
PE,BES,2,25.1666666666667,1.08205982579314,2.57192765361195
PE,BES,2,3.9375,0.955459933643888,2.1936008773832
PE,BES,2,9.08333333333333,1.20106752528911,2.80454015447154
PE,BES,3,0,0.782719779813887,2.27512303708588
PE,BES,3,14,0.925626667092226,2.23253437337987
PE,BES,3,20.0833333333333,1.25347934856103,2.95193622179297
PE,BES,3,25.1666666666667,0.939539273846308,2.3214400237429
PE,BES,3,3.9375,1.06204602850763,2.58380878992671
PE,BES,3,9.08333333333333,1.11531352550311,2.59686365537576
PE,control,1,0,0.893334405674014,1.7567261568511
PE,control,1,14,0.36070780628006,1.14799676445797
PE,control,1,20.0833333333333,1.24377348816866,2.65676706980403
PE,control,1,25.1666666666667,1.32914504176366,2.86926952943944
PE,control,1,3.9375,1.11543891234139,1.89848144374219
PE,control,1,9.08333333333333,1.57562963504862,2.80705145467061
PE,control,2,0,1.20589343194434,2.05447763373538
PE,control,2,14,1.80678474891476,2.93838606894003
PE,control,2,20.0833333333333,1.51690519348077,2.74103503613058
PE,control,2,25.1666666666667,1.33204365538818,2.76668677528568
PE,control,2,3.9375,1.13081525589623,1.7337883483632
PE,control,2,9.08333333333333,1.78163116813009,2.62727062336573
PE,control,3,0,0.925895092551946,1.6587877241481
PE,control,3,14,0.66912074118948,3.73969282128082
PE,control,3,20.0833333333333,0.126318459189273,3.92209572472578
PE,control,3,25.1666666666667,0.0653254028966545,3.42939786044065
PE,control,3,3.9375,1.28540218594796,2.08239996343503
PE,control,3,9.08333333333333,1.55407854898319,2.77850544339371
SE,algal,1,0,0.633568405418059,1.82759272523641
SE,algal,1,10.9583333333333,1.37524173129979,2.86518981912805
SE,algal,1,19.7916666666667,2.20482457672286,3.66286386667684
SE,algal,1,24.7916666666667,2.24560054422035,3.70806858725245
SE,algal,1,4.95833333333333,1.24527254837559,3.0513339211149
SE,algal,2,0,0.574874855862854,1.69064364706552
SE,algal,2,10.9583333333333,1.68487706775913,3.04171064081907
SE,algal,2,19.7916666666667,2.8461618054299,3.88780662524857
SE,algal,2,24.7916666666667,2.9357515440401,3.82753255342182
SE,algal,2,4.95833333333333,1.32896535307228,2.88504348248751
SE,algal,3,0,0.751841638833082,2.11536970389615
SE,algal,3,10.9583333333333,1.75692818248763,3.41288793263116
SE,algal,3,19.7916666666667,2.60969193789424,3.95862120290864
SE,algal,3,24.7916666666667,2.74441747426259,4.03453979759824
SE,algal,3,4.95833333333333,1.5499841410353,3.33210795079184
SE,algalBES,1,0,0.675335152226101,2.0541857800666
SE,algalBES,1,10.9583333333333,0.735186808675244,2.73038795575045
SE,algalBES,1,19.7916666666667,0.844935138575232,3.29950126266348
SE,algalBES,1,24.7916666666667,0.729003866981585,3.00116291271491
SE,algalBES,1,4.95833333333333,0.913900711129427,3.16715258756248
SE,algalBES,2,0,0.650431826320126,2.07899674683739
SE,algalBES,2,10.9583333333333,0.753126968902205,2.8087154913113
SE,algalBES,2,19.7916666666667,0.807869578284527,3.14769214469563
SE,algalBES,2,24.7916666666667,0.716757064579036,3.00537780123746
SE,algalBES,2,4.95833333333333,0.889301313744937,3.1129915540277
SE,algalBES,3,0,0.686029267701917,2.19285308291204
SE,algalBES,3,10.9583333333333,0.894499509631659,3.14680321583944
SE,algalBES,3,19.7916666666667,0.936534496536126,3.43039508639867
SE,algalBES,3,24.7916666666667,0.803630533389155,3.24875459147893
SE,algalBES,3,4.95833333333333,1.01522208332875,3.33875349765488
SE,BES,1,0,0.709605462427826,2.05110506816499
SE,BES,1,10.9583333333333,0.82793553040655,2.30208654667452
SE,BES,1,19.7916666666667,0.873752035177129,2.50142598131044
SE,BES,1,24.7916666666667,0.760328884617314,2.3641434002728
SE,BES,1,4.95833333333333,0.905147498206088,2.47979683151493
SE,BES,2,0,0.877548229859372,2.39935147224783
SE,BES,2,10.9583333333333,0.887756273117492,2.30704265952828
SE,BES,2,19.7916666666667,1.02721245045891,2.55048475090929
SE,BES,2,24.7916666666667,0.937108836739489,2.44965338064617
SE,BES,2,4.95833333333333,1.13302049136188,2.95292880940009
SE,BES,3,0,0.659099034638998,1.99201223936971
SE,BES,3,10.9583333333333,0.741446412351025,2.29720197824795
SE,BES,3,19.7916666666667,0.814347212184907,2.49688420746616
SE,BES,3,24.7916666666667,0.690421047440339,2.29085429949362
SE,BES,3,4.95833333333333,0.865937022214662,2.51248044953058
SE,control,1,0,0.653949950407732,1.70500014682156
SE,control,1,10.9583333333333,0.758749832018478,1.9706211126
SE,control,1,19.7916666666667,0.698534146732144,2.29628160461689
SE,control,1,24.7916666666667,0.5679902514015,2.23840963135751
SE,control,1,4.95833333333333,0.941287688468765,2.21818584291646
SE,control,2,0,0.556092655395496,1.53623216386357
SE,control,2,10.9583333333333,0.747615657198824,1.82794805124356
SE,control,2,19.7916666666667,0.896536527398854,2.18040985124945
SE,control,2,24.7916666666667,0.780316341837353,2.119102482861
SE,control,2,4.95833333333333,0.837164040877749,2.0005006703652
SE,control,3,0,0.499042489669975,1.38774931228959
SE,control,3,10.9583333333333,0.693496321736674,1.87969066237953
SE,control,3,19.7916666666667,0.700460846085631,1.95018116458704
SE,control,3,24.7916666666667,0.596944094441129,1.88167935508921
SE,control,3,4.95833333333333,0.925127142721722,2.27378201599167
TB,algal,1,0,1.24708213824369,3.44800609639571
TB,algal,1,15.8333333333333,1.95114588858587,6.69307010741893
TB,algal,1,20.7916666666667,2.14010236055358,6.87091613984261
TB,algal,1,26.7916666666667,2.14457668821268,6.21602372476881
TB,algal,1,5,2.00957486160637,5.06036779996175
TB,algal,2,0,1.42593759839565,3.47701375459023
TB,algal,2,15.8333333333333,3.54706304728911,5.90598384141191
TB,algal,2,20.7916666666667,3.99930763308764,6.1152593539866
TB,algal,2,26.7916666666667,3.60330084267156,5.48838012850231
TB,algal,2,5,2.48571015867639,5.25582575253449
TB,algal,3,0,1.43968608063062,3.56635234509088
TB,algal,3,15.8333333333333,3.06760660749732,5.32230624069849
TB,algal,3,20.7916666666667,3.44482374389253,5.59571920551334
TB,algal,3,26.7916666666667,3.23888329797329,5.20520467082909
TB,algal,3,5,1.77258767181163,3.85842209645929
TB,algalBES,1,0,1.23820380117148,3.66224309578441
TB,algalBES,1,15.8333333333333,1.72459239381023,4.38994959284498
TB,algalBES,1,20.7916666666667,1.70572859324709,4.3703742084982
TB,algalBES,1,26.7916666666667,1.53907346183108,4.25597455632429
TB,algalBES,1,5,1.5424137990193,4.15548769195414
TB,algalBES,2,0,1.27291821698605,3.63140503249395
TB,algalBES,2,15.8333333333333,2.09107133564128,4.94669388937644
TB,algalBES,2,20.7916666666667,2.06341651825106,4.83451880514279
TB,algalBES,2,26.7916666666667,1.7637531302565,4.42763035715741
TB,algalBES,2,5,1.86128264516506,4.86590698850344
TB,algalBES,3,0,1.21145537305481,3.33538461511437
TB,algalBES,3,15.8333333333333,1.97916266443096,4.85137994308664
TB,algalBES,3,20.7916666666667,2.00316705238107,4.91668048738675
TB,algalBES,3,26.7916666666667,1.66760426876687,4.42352373877585
TB,algalBES,3,5,1.62478046518718,4.27163571524043
TB,BES,1,0,1.24864784704752,3.58801665866024
TB,BES,1,15.8333333333333,2.04489432870313,4.27194651541723
TB,BES,1,20.7916666666667,1.97200586071733,4.16428804749575
TB,BES,1,26.7916666666667,1.65119253434716,3.72306888923203
TB,BES,1,5,1.50488353015823,3.6559428630646
TB,BES,2,0,1.32542290583556,3.88052382183272
TB,BES,2,15.8333333333333,1.8401577765637,3.99620827312062
TB,BES,2,20.7916666666667,1.83264624301538,4.00429359710834
TB,BES,2,26.7916666666667,1.5445953593649,3.61193854784299
TB,BES,2,5,1.49453936970369,3.68482503508726
TB,BES,3,0,1.37676339759014,3.84208623097544
TB,BES,3,15.8333333333333,2.03875421888209,4.08313709028611
TB,BES,3,20.7916666666667,2.03785766660332,4.05414731843798
TB,BES,3,26.7916666666667,1.69690392243518,3.63940240452944
TB,BES,3,5,1.6989638839094,3.91911722271736
TB,control,1,0,1.28847787855619,3.05037830857742
TB,control,1,15.8333333333333,2.39033500202848,4.13205442183908
TB,control,1,20.7916666666667,2.49124181925374,4.26874113460227
TB,control,1,26.7916666666667,2.18276496281951,3.94081772080313
TB,control,1,5,1.9655049443178,3.95390534156675
TB,control,2,0,1.46117111729002,3.32386809345567
TB,control,2,15.8333333333333,2.51774175989741,4.26604203616751
TB,control,2,20.7916666666667,2.58839346686236,4.26835027835827
TB,control,2,26.7916666666667,2.26864993704617,3.84823476749625
TB,control,2,5,2.13648420685427,4.12139140964583
TB,control,3,0,1.608715458974,3.2682634433679
TB,control,3,15.8333333333333,2.40519013639004,3.78791629972396
TB,control,3,20.7916666666667,2.48299159419344,3.8556539083117
TB,control,3,26.7916666666667,2.15489347935875,3.64039217447303
TB,control,3,5,2.01055986710754,3.60440137246183
TF,algal,1,0,0.657883208128563,1.19515627934011
TF,algal,1,10.0590277777778,1.47741009961331,1.77702662429029
TF,algal,1,15.8958333333333,2.01288447025095,2.70474468856074
TF,algal,1,20.8958333333333,2.26843447642766,2.86902740018797
TF,algal,1,26.2291666666667,2.69331123181019,2.9198456937434
TF,algal,1,4.6875,1.16886658950726,1.60614028837579
TF,algal,2,0,0.459971998171788,1.02542979724569
TF,algal,2,10.0590277777778,1.18390665565008,1.63408791494781
TF,algal,2,15.8958333333333,1.56884972857825,2.49084093124695
TF,algal,2,20.8958333333333,1.85324913848538,2.43396348990583
TF,algal,2,26.2291666666667,2.25053533278701,2.68368827227349
TF,algal,2,4.6875,0.852205072651975,1.40565861448555
TF,algal,3,0,0.604458781844286,1.18476092077675
TF,algal,3,10.0590277777778,1.38181210173217,1.68107396703165
TF,algal,3,15.8958333333333,1.83123956630226,2.17567835217206
TF,algal,3,20.8958333333333,2.25977449997725,2.41881064795512
TF,algal,3,26.2291666666667,2.26109541895573,2.2639221827387
TF,algal,3,4.6875,1.0657414777527,1.5185205554267
TF,algalBES,1,0,0.251635174871153,1.04491394246195
TF,algalBES,1,10.0590277777778,0.395384787339756,1.55621251251347
TF,algalBES,1,15.8958333333333,0.335763291337474,1.47545169797995
TF,algalBES,1,20.8958333333333,0.355487963305536,1.65861597623823
TF,algalBES,1,26.2291666666667,0.266289726815715,1.44465839275364
TF,algalBES,1,4.6875,0.328114897308691,1.37232286462398
TF,algalBES,2,0,0.480102020058635,1.22008844915052
TF,algalBES,2,10.0590277777778,0.867859498668249,1.75523836847256
TF,algalBES,2,15.8958333333333,0.667256873412804,2.07603590073042
TF,algalBES,2,20.8958333333333,0.662997830116777,2.3518387653539
TF,algalBES,2,26.2291666666667,0.507113018968604,1.91732403093751
TF,algalBES,2,4.6875,0.70598542390777,1.47086254326717
TF,algalBES,3,0,0.5423936478859,1.40666447193794
TF,algalBES,3,10.0590277777778,0.868756824672149,1.85496887050988
TF,algalBES,3,15.8958333333333,0.718407485211214,2.26013304705332
TF,algalBES,3,20.8958333333333,0.649881347464912,2.36440593032052
TF,algalBES,3,26.2291666666667,0.53955412982701,2.12302525117299
TF,algalBES,3,4.6875,0.731986924746065,1.60098376989834
TF,BES,1,0,0.406005011597114,1.03531254076153
TF,BES,1,10.0590277777778,0.677212970379559,1.16507932189343
TF,BES,1,15.8958333333333,0.631049170643831,1.14487672422688
TF,BES,1,20.8958333333333,0.732570510009262,1.27786247009364
TF,BES,1,26.2291666666667,0.525477301206439,0.999477044731333
TF,BES,1,4.6875,0.583112584880478,1.12188592656815
TF,BES,2,0,0.479803790973404,1.12330511857894
TF,BES,2,10.0590277777778,0.898905671309239,1.58405946417141
TF,BES,2,15.8958333333333,0.729621605946952,1.89691199953465
TF,BES,2,20.8958333333333,0.734735789526076,2.11089614411233
TF,BES,2,26.2291666666667,0.503724731944439,1.7004702749112
TF,BES,2,4.6875,0.719449384770363,1.36748458662124
TF,BES,3,0,0.376246284757026,0.941515888488951
TF,BES,3,10.0590277777778,0.645886951107055,1.16226200451147
TF,BES,3,15.8958333333333,0.504263207222622,1.59506987658708
TF,BES,3,20.8958333333333,0.528757691794661,2.03941068142417
TF,BES,3,26.2291666666667,0.346501426449539,1.61015702806324
TF,BES,3,4.6875,0.558762137221338,1.08202364304945
TF,control,1,0,1.22409265189099,1.33418068907769
TF,control,1,10.0590277777778,1.38138123352239,1.51186371746529
TF,control,1,15.8958333333333,1.26368417538205,2.07701140813311
TF,control,1,20.8958333333333,1.39367965340194,2.19284604274624
TF,control,1,26.2291666666667,1.5442096600649,1.98866650130641
TF,control,1,4.6875,1.1114977072852,1.27561448940942
TF,control,2,0,0.691350708793217,1.09164060166674
TF,control,2,10.0590277777778,1.26917602583757,1.29746066880704
TF,control,2,15.8958333333333,1.29030486224282,2.01524101686579
TF,control,2,20.8958333333333,1.23352428836523,1.90538163224286
TF,control,2,26.2291666666667,1.10661280220078,1.66848570111742
TF,control,2,4.6875,1.13396408297325,1.33283896214608
TF,control,3,0,0.683219159694249,0.923383617447402
TF,control,3,10.0590277777778,1.01549819609212,1.05371868859583
TF,control,3,15.8958333333333,1.04011271134264,1.47278814466801
TF,control,3,20.8958333333333,1.07750521224462,1.46755023300615
TF,control,3,26.2291666666667,0.886547723403135,1.33683522386025
TF,control,3,4.6875,1.0060815569598,1.11434405402055
TR,algal,1,0,1.38966259425906,3.51569214058451
TR,algal,1,15.8333333333333,2.24870755934474,4.18385996865212
TR,algal,1,20.7916666666667,2.34015257211366,4.33897371336049
TR,algal,1,26.7916666666667,2.15118880225711,4.1314443797645
TR,algal,1,5,2.1654569415103,4.81841187451716
TR,algal,2,0,1.29193121386849,3.38484174859337
TR,algal,2,15.8333333333333,1.98610586390111,3.99659755336925
TR,algal,2,20.7916666666667,2.07403703576548,4.18272146615771
TR,algal,2,26.7916666666667,1.83345198082007,3.98578919438303
TR,algal,2,5,1.96935594718096,4.57053381558247
TR,algal,3,0,1.21604573185233,3.15272978962686
TR,algal,3,15.8333333333333,1.93113299963958,3.92217291597992
TR,algal,3,20.7916666666667,1.94691870306045,3.94211999405652
TR,algal,3,26.7916666666667,1.73516463325561,3.79539039280453
TR,algal,3,5,1.77531165992173,4.24318583642297
TR,algalBES,1,0,0.810890176862574,2.48754066360179
TR,algalBES,1,15.8333333333333,1.21474858434569,2.9704600060414
TR,algalBES,1,20.7916666666667,1.26526819111059,3.19068654249428
TR,algalBES,1,26.7916666666667,1.11960270091929,3.14193911222518
TR,algalBES,1,5,1.12304262312573,2.95661034768775
TR,algalBES,2,0,0.854922126862786,2.56156523078357
TR,algalBES,2,15.8333333333333,1.31886244107604,3.11269364835269
TR,algalBES,2,20.7916666666667,1.35780493502003,3.29986802358143
TR,algalBES,2,26.7916666666667,1.1716979095474,3.14994060594727
TR,algalBES,2,5,1.21924563052535,3.18236258988404
TR,algalBES,3,0,0.816458104102287,2.50566999776433
TR,algalBES,3,15.8333333333333,1.23855528276117,3.09557830672519
TR,algalBES,3,20.7916666666667,1.18353060245526,3.09306043606673
TR,algalBES,3,26.7916666666667,1.03678375644801,3.12440645477902
TR,algalBES,3,5,1.06646848840287,2.91910427020862
TR,BES,1,0,1.03241566478059,2.87397781829861
TR,BES,1,15.8333333333333,1.50818158232509,3.03535899351826
TR,BES,1,20.7916666666667,1.49252474740013,2.97291975851635
TR,BES,1,26.7916666666667,1.22472116027831,2.65296755304453
TR,BES,1,5,1.59918830142629,3.77495573211933
TR,BES,2,0,0.868537431010642,2.22013864959562
TR,BES,2,15.8333333333333,1.20062529975958,2.26977785040642
TR,BES,2,20.7916666666667,1.21756096248424,2.29646386195236
TR,BES,2,26.7916666666667,1.04617017381167,2.15384527970466
TR,BES,2,5,1.10652703961481,2.45435373547902
TR,BES,3,0,0.876184196027621,2.53670268798617
TR,BES,3,15.8333333333333,1.3417297376222,2.73787853142475
TR,BES,3,20.7916666666667,1.26506036599187,2.55741695547357
TR,BES,3,26.7916666666667,1.08638636861919,2.45680401070695
TR,BES,3,5,1.14475031076152,2.79044144617167
TR,control,1,0,1.41778462135859,3.32719758237291
TR,control,1,15.8333333333333,2.01913738161142,3.53620515286226
TR,control,1,20.7916666666667,2.12729574344425,3.68134192527357
TR,control,1,26.7916666666667,1.75365645773058,3.24091590508097
TR,control,1,5,2.12211531805081,4.28589531562247
TR,control,2,0,1.26707247956308,3.15967392148869
TR,control,2,15.8333333333333,2.10668870978293,3.7800504640138
TR,control,2,20.7916666666667,2.16345292942045,3.82244975259431
TR,control,2,26.7916666666667,1.84631051901579,3.54105541559809
TR,control,2,5,2.12116121645861,4.52779645095033
TR,control,3,0,1.13586979991021,2.82093772597529
TR,control,3,15.8333333333333,1.80921483048179,3.25139222801079
TR,control,3,20.7916666666667,1.88148712230802,3.35531677483717
TR,control,3,26.7916666666667,1.55101716225358,3.03953603885762
TR,control,3,5,1.86332381736501,4.0417770667077
WA,algal,1,0,0.654130947289819,1.34200405424253
WA,algal,1,10.5,1.19291140606151,2.70538064287932
WA,algal,1,14.2916666666667,1.56393471414965,3.60650112243744
WA,algal,1,19.5,1.57086707239805,3.4307878277294
WA,algal,1,24.625,1.75851914883359,3.47536822298974
WA,algal,1,29.2916666666667,2.12601202051794,3.86338946495343
WA,algal,1,4.48611111111111,0.90244335848062,1.95187784818782
WA,algal,2,0,0.722682231988837,1.35627068718767
WA,algal,2,10.5,1.30969902563034,2.70738851005029
WA,algal,2,14.2916666666667,1.98126387531352,4.04543375233799
WA,algal,2,19.5,1.91046933791281,3.77024482850571
WA,algal,2,24.625,1.98764073139932,3.67039431283632
WA,algal,2,29.2916666666667,2.27173734508726,3.8266455045413
WA,algal,2,4.48611111111111,1.10021630633789,2.17538837157901
WA,algal,3,0,0.7370591362995,1.4645162312103
WA,algal,3,10.5,1.44095422013119,3.06093104747745
WA,algal,3,14.2916666666667,1.98352813194637,4.04157192530353
WA,algal,3,19.5,1.89583990981594,3.70440386959126
WA,algal,3,24.625,2.00696371696813,3.71537315547873
WA,algal,3,29.2916666666667,2.34321861984009,3.96971176830998
WA,algal,3,4.48611111111111,1.13404537680196,2.32273929712346
WA,algalBES,1,0,0.570924379034939,1.16321058161087
WA,algalBES,1,10.5,1.05191407089266,2.70651328637391
WA,algalBES,1,14.2916666666667,1.14073248970546,3.49327346087074
WA,algalBES,1,19.5,0.914479045713567,3.12676305628685
WA,algalBES,1,24.625,0.932327555264517,3.38124981453588
WA,algalBES,1,29.2916666666667,0.993271263211225,3.83738103392427
WA,algalBES,1,4.48611111111111,0.858325363576084,1.88667111694809
WA,algalBES,2,0,0.631860811809715,1.34261724536899
WA,algalBES,2,10.5,1.08319526757342,2.94569276087566
WA,algalBES,2,14.2916666666667,1.22688843558496,3.73100884374647
WA,algalBES,2,19.5,1.01745328593963,3.48407212247793
WA,algalBES,2,24.625,0.993022468543077,3.55114146341144
WA,algalBES,2,29.2916666666667,1.00075503470363,3.77669507531076
WA,algalBES,2,4.48611111111111,0.991925847869772,2.27061915811039
WA,algalBES,3,0,0.625435706172315,1.43006456092324
WA,algalBES,3,10.5,0.938665993562496,2.74921926558337
WA,algalBES,3,14.2916666666667,1.10126261532877,3.51250711373573
WA,algalBES,3,19.5,0.984546414500321,3.57651563233012
WA,algalBES,3,24.625,0.857255323286663,3.24768003582092
WA,algalBES,3,29.2916666666667,0.875341677909332,3.47556407817275
WA,algalBES,3,4.48611111111111,0.913756025474519,2.14523756742813
WA,BES,1,0,0.75316479803289,1.2714640663042
WA,BES,1,10.5,1.15593539375037,1.90912667877409
WA,BES,1,14.2916666666667,1.38425927283338,2.43831458856259
WA,BES,1,19.5,1.20338820880453,2.23811195235801
WA,BES,1,24.625,1.16040261086664,2.19322976324761
WA,BES,1,29.2916666666667,1.1413418387669,2.19412050812732
WA,BES,1,4.48611111111111,0.932268190411661,1.61068162733275
WA,BES,2,0,0.798956370090054,1.36770781555589
WA,BES,2,10.5,1.27287750839642,2.08679873409905
WA,BES,2,14.2916666666667,1.32331591582824,2.27743828085395
WA,BES,2,19.5,1.21760800709004,2.2279438237949
WA,BES,2,24.625,1.13619814989846,2.10491401744635
WA,BES,2,29.2916666666667,1.25336116925015,2.38885078719463
WA,BES,2,4.48611111111111,1.07873001461626,1.82141643367888
WA,BES,3,0,0.746359242369763,1.40273826739637
WA,BES,3,10.5,1.24665039126676,2.17422980044335
WA,BES,3,14.2916666666667,1.42976490576314,2.57997629865207
WA,BES,3,19.5,1.22322377746579,2.38969406329561
WA,BES,3,24.625,1.06979187315995,2.16012242416893
WA,BES,3,29.2916666666667,1.14136439221541,2.34412738664573
WA,BES,3,4.48611111111111,1.08127889705602,1.8652142612431
WA,control,1,0,1.04497294273291,1.54036760594062
WA,control,1,10.5,1.3727768165775,2.0338639234799
WA,control,1,14.2916666666667,1.76583723152457,2.81520997383016
WA,control,1,19.5,1.59453237544574,2.58501993572623
WA,control,1,24.625,1.73178805859742,2.4154328753645
WA,control,1,29.2916666666667,1.43060474733498,2.38528955156947
WA,control,1,4.48611111111111,1.39322494791086,1.96516853897073
WA,control,2,0,1.20512550837884,1.73705833546908
WA,control,2,10.5,1.36913493856979,1.9173550051754
WA,control,2,14.2916666666667,1.65658743051741,2.40033300360981
WA,control,2,19.5,1.37521443395986,2.10576058973386
WA,control,2,24.625,1.38458765825748,2.18466326777336
WA,control,2,29.2916666666667,1.48103683583577,2.33032514442691
WA,control,2,4.48611111111111,1.36882228869252,1.88381654683814
WA,control,3,0,0.975197282622188,1.50862986159302
WA,control,3,10.5,1.1997630571978,1.9148920746433
WA,control,3,14.2916666666667,1.49242811840763,2.48207209107673
WA,control,3,19.5,1.20770789938986,2.10335757283677
WA,control,3,24.625,1.18078285873509,2.12004539141145
WA,control,3,29.2916666666667,1.16426120915332,2.09734143085215
WA,control,3,4.48611111111111,1.25501640215651,1.85177422790435
WL,algal,1,0,1.16777557071191,2.20379264766577
WL,algal,1,15.8333333333333,3.0495873816401,3.78362255067504
WL,algal,1,20.7916666666667,3.68095904037938,4.43790990983281
WL,algal,1,26.7916666666667,3.41276442153557,4.19487736258417
WL,algal,1,5,1.902687785641,3.11733763726511
WL,algal,2,0,1.23638880425515,2.24716744301009
WL,algal,2,15.8333333333333,3.8301275407577,3.95759352793802
WL,algal,2,20.7916666666667,4.73497594604509,4.58902581881217
WL,algal,2,26.7916666666667,4.52713769323222,4.48593194127378
WL,algal,2,5,2.23994134943378,3.31417494931309
WL,algal,3,0,1.14314519331573,2.20806268631536
WL,algal,3,15.8333333333333,3.11972228261271,3.68583366420362
WL,algal,3,20.7916666666667,3.72251277830858,4.1450126970055
WL,algal,3,26.7916666666667,3.51887836039232,4.1281083833817
WL,algal,3,5,1.92427607906433,3.17456772245683
WL,algalBES,1,0,0.833360058338391,2.23622394050402
WL,algalBES,1,15.8333333333333,0.958072528958744,2.58962832233585
WL,algalBES,1,20.7916666666667,1.00413032865077,2.83990924726357
WL,algalBES,1,26.7916666666667,0.82363353168065,2.62182055102537
WL,algalBES,1,5,1.07617105333196,2.99108569617447
WL,algalBES,2,0,0.780477125218893,2.23486969486132
WL,algalBES,2,15.8333333333333,0.811003342378904,2.55075338043222
WL,algalBES,2,20.7916666666667,0.845649752685781,2.75819255959241
WL,algalBES,2,26.7916666666667,0.746600977497409,2.76898601140527
WL,algalBES,2,5,0.922026809939985,2.94862786877021
WL,algalBES,3,0,0.82603354997012,2.07026635218879
WL,algalBES,3,15.8333333333333,1.17936240021442,2.85176086356479
WL,algalBES,3,20.7916666666667,1.16822674269932,2.90606933469943
WL,algalBES,3,26.7916666666667,0.93264643805649,2.9180253884216
WL,algalBES,3,5,1.20918076767429,3.10959823320903
WL,BES,1,0,0.90858360228296,1.95465032189539
WL,BES,1,15.8333333333333,1.21181332097184,2.11108570751651
WL,BES,1,20.7916666666667,1.28347775710503,2.35098171162385
WL,BES,1,26.7916666666667,1.02428855663862,2.07426960653591
WL,BES,1,5,1.08516534957404,2.09504286479254
WL,BES,2,0,0.908696612936146,1.90210901888264
WL,BES,2,15.8333333333333,0.937110675523144,1.82063164727158
WL,BES,2,20.7916666666667,1.00259652768759,2.37282548939823
WL,BES,2,26.7916666666667,0.832975441097693,2.32417061244096
WL,BES,2,5,1.14071632846427,2.41795655550938
WL,BES,3,0,0.774592130557889,1.6884812498683
WL,BES,3,15.8333333333333,0.986616633474861,2.15606256432042
WL,BES,3,20.7916666666667,0.969002895736285,2.06611473763158
WL,BES,3,26.7916666666667,0.783950905208543,2.06512501745693
WL,BES,3,5,1.0292965610078,2.24030937648044
WL,control,1,0,1.1473960708776,1.88664834711158
WL,control,1,15.8333333333333,1.54914628264825,2.21986278619771
WL,control,1,20.7916666666667,1.35584949423094,2.42688903361491
WL,control,1,26.7916666666667,0.916792716936292,2.31214668396885
WL,control,1,5,1.41043556038551,2.23487177640442
WL,control,2,0,1.09026100222319,1.90844029982295
WL,control,2,15.8333333333333,1.74453247598508,2.29164574810382
WL,control,2,20.7916666666667,1.65971297652958,2.41147771768985
WL,control,2,26.7916666666667,1.30039536411992,2.30061824427638
WL,control,2,5,1.56782779195015,2.51533427329798
WL,control,3,0,1.30744029960719,2.07306174714801
WL,control,3,15.8333333333333,1.60622342164432,2.2037177703163
WL,control,3,20.7916666666667,1.71325052658759,2.40886338414193
WL,control,3,26.7916666666667,1.41663106075896,2.33143881259987
WL,control,3,5,1.57749324747618,2.49389995085131
